h3,removed,n_low,n_soon,n_normal,N0,rho,lam,rho_pure,drains,maxU
8940e3086c3ffff,False,0.0,1.0,8.0,9.0,1.3128006240575252,2.2664306299624744,1.3128006240575252,True,0.04674152738671539
8940e3086d3ffff,False,0.0,0.0,4.0,4.0,2.7678663628657136,3.4956384231905453,2.7678663628657136,True,0.008314802855917097
8940e3086d7ffff,True,0.0,0.0,0.0,0.0,0.0,0.0,0.0,False,0.0
8940e3086dbffff,True,0.0,0.0,0.0,0.0,0.0,0.0,0.0,False,0.0
8940e309453ffff,True,0.0,0.0,0.0,0.0,0.0,0.0,0.0,False,0.0
8940e30948bffff,True,0.0,0.0,0.0,0.0,0.0,0.0,0.0,False,0.0
8940e309493ffff,True,0.0,0.0,1.0,1.0,0.0,0.1888039115198246,0.0,True,0.0
8940e30949bffff,False,0.0,0.0,1.0,1.0,1.5230417496900812,1.5129977660125504,1.5230417496900812,False,0.00534156277644892
8940e3094c3ffff,False,0.0,2.0,8.0,10.0,1.3657402131303544,1.6715234648675708,1.3657402131303544,True,0.06245350670922856
8940e3094cbffff,False,0.0,1.0,2.0,3.0,2.716212105915436,2.083265551476788,2.716212105915436,False,0.09348952351821654
8940e3094cfffff,True,0.0,0.0,0.0,0.0,0.0,0.0,0.0,False,0.0
8940e3094d3ffff,True,0.0,0.0,0.0,0.0,0.0,0.0,0.0,False,0.0
8940e3094d7ffff,False,0.0,4.0,7.0,11.0,2.073529007079054,3.5034776078289718,2.073529007079054,True,0.23126036929742289
8940e3094dbffff,False,0.0,0.0,1.0,1.0,0.0,0.1566043996111056,0.0,True,1.1379786002407854e-16
8940e309693ffff,True,0.0,0.0,0.0,0.0,0.4440324757838694,0.0,0.4440324757838694,False,0.0
8940e30969bffff,True,0.0,0.0,0.0,0.0,0.0,0.0,0.0,False,0.0
8940e30b003ffff,False,0.0,0.0,7.0,7.0,0.5251321335170748,1.0317385268877233,0.5251321335170748,True,0.0003586366410579748
8940e30b007ffff,False,0.0,0.0,2.0,2.0,0.3077887055018651,0.6342194375000039,0.3077887055018651,True,0.0004432209676837498
8940e30b00bffff,False,0.0,0.0,5.0,5.0,0.4754359133422714,2.312286269375634,0.4754359133422714,True,0.0010844939263185086
8940e30b00fffff,False,0.0,0.0,4.0,4.0,1.413436178519126,1.4737910482020498,1.413436178519126,True,0.0020744901208895727
8940e30b013ffff,False,0.0,0.0,3.0,3.0,0.2925380849755381,0.9080560696316408,0.2925380849755381,True,0.0004186621755894516
8940e30b017ffff,False,0.0,0.0,5.0,5.0,3.7904988020938166,2.701105117047553,3.7904988020938166,False,0.00657030626131188
8940e30b01bffff,False,0.0,0.0,5.0,5.0,4.40250166454524,4.460034031286539,4.40250166454524,True,0.012159798573843007
8940e30b033ffff,False,1.0,1.0,4.0,5.0,3.596545259160051,4.475234943201845,3.596545259160051,True,0.12885366284661148
8940e30b037ffff,False,0.0,0.0,1.0,1.0,0.9188112217724465,0.7161618940415763,0.9188112217724465,False,0.0019735150333971664
8940e30b03bffff,False,0.0,0.0,2.0,2.0,0.9984802928325254,1.1477669069946226,0.9984802928325254,True,0.002144258711829711
8940e30b043ffff,True,0.0,0.0,0.0,0.0,0.346439939490694,0.1464326506840901,0.346439939490694,False,0.0
8940e30b047ffff,True,0.0,0.0,0.0,0.0,0.0,0.0,0.0,False,0.0
8940e30b04bffff,False,0.0,0.0,2.0,2.0,4.348598980267288,3.081671570286967,4.348598980267288,False,0.012420237159563155
8940e30b04fffff,True,0.0,0.0,0.0,0.0,0.6274827193737087,0.2720045731263152,0.6274827193737087,False,0.0
8940e30b053ffff,False,0.0,0.0,4.0,4.0,1.0025958844885223,0.810701608780336,1.0025958844885223,False,0.0008409759470958452
8940e30b057ffff,False,0.0,0.0,2.0,2.0,0.2868277203274663,0.7548791378983738,0.2868277203274663,True,0.0005025272431440409
8940e30b05bffff,False,0.0,1.0,6.0,7.0,4.492725170756973,4.0135432187727655,4.492725170756973,False,0.08513853874353644
8940e30b06bffff,False,0.0,0.0,1.0,1.0,0.2008200281424722,0.2176713270128799,0.2008200281424722,True,0.0001877600526935003
8940e30b073ffff,False,0.0,0.0,1.0,1.0,0.8639857934393913,1.2840572461729545,0.8639857934393913,True,0.0035093782318342736
8940e30b077ffff,True,0.0,0.0,0.0,0.0,0.0,0.0,0.0,False,0.0
8940e30b07bffff,False,1.0,1.0,4.0,5.0,0.9042440562450704,1.4703924066164742,0.9042440562450704,True,0.054020149088056746
8940e30b08fffff,True,0.0,0.0,0.0,0.0,0.0,0.0,0.0,False,0.0
8940e30b0a3ffff,False,0.0,0.0,7.0,7.0,6.490778274431973,6.509703528756022,6.490778274431973,True,0.018279946938678716
8940e30b0a7ffff,False,0.0,1.0,1.0,2.0,6.4358320717507205,3.4339411969578184,6.4358320717507205,False,0.12991449485953482
8940e30b0abffff,False,0.0,0.0,7.0,7.0,4.796033385429755,5.568302864720339,4.796033385429755,True,0.013074969172909866
8940e30b0afffff,False,0.0,0.0,13.0,13.0,7.450273146341868,6.993159136930046,7.450273146341868,False,0.014263788798041022
8940e30b0b3ffff,False,0.0,0.0,2.0,2.0,1.1760875472193857,1.1394041483792616,1.1760875472193857,False,0.0023728989458028597
8940e30b0b7ffff,False,0.0,1.0,3.0,4.0,1.7392826734774,1.7988273821390917,1.7392826734774,True,0.07286751652458162
8940e30b0bbffff,False,0.0,1.0,23.0,24.0,5.534098079050258,11.580688735151124,5.534098079050258,True,0.08529397072191786
8940e30b0c3ffff,False,0.0,1.0,0.0,1.0,0.8190297600826304,0.8416003456337173,0.8190297600826304,True,0.11462323951011061
8940e30b0c7ffff,False,0.0,0.0,1.0,1.0,0.2358516842705594,0.4279481596855803,0.2358516842705594,True,0.00044138750799526966
8940e30b0cbffff,False,0.0,0.0,3.0,3.0,2.0135113074619926,1.7716926796872643,2.0135113074619926,False,0.00402267629051568
8940e30b0cfffff,False,0.0,0.0,1.0,1.0,0.2384925666096279,0.4212937747708452,0.2384925666096279,True,0.0004379366274100934
8940e30b0d3ffff,True,0.0,0.0,0.0,0.0,0.3380712559022493,0.2096113681463482,0.3380712559022493,False,0.0
8940e30b0d7ffff,True,0.0,0.0,0.0,0.0,0.0,0.0,0.0,False,0.0
8940e30b0dbffff,False,0.0,0.0,4.0,4.0,0.4315315224683004,0.8800199964544078,0.4315315224683004,True,0.00043656654074524263
8940e30b103ffff,False,0.0,0.0,2.0,2.0,0.6386507639535431,1.1167557176561331,0.6386507639535431,True,0.0015040774823417043
8940e30b10bffff,False,0.0,0.0,1.0,1.0,0.0,0.1691616604637359,0.0,True,2.7755575615628915e-18
8940e30b10fffff,True,0.0,0.0,0.0,0.0,0.0,0.0,0.0,False,0.0
8940e30b113ffff,True,0.0,0.0,0.0,0.0,0.2990036100036577,0.1838234527006998,0.2990036100036577,False,0.0
8940e30b11bffff,False,0.0,0.0,11.0,11.0,1.5512332205375874,4.658185982950823,1.5512332205375874,True,0.003088343062349508
8940e30b12bffff,False,0.0,1.0,1.0,2.0,0.0,0.4106845879338222,0.0,True,0.041068458793382334
8940e30b13bffff,True,0.0,0.0,0.0,0.0,0.0,0.0,0.0,False,0.0
8940e30b143ffff,True,0.0,0.0,0.0,0.0,0.0,0.0,0.0,False,0.0
8940e30b147ffff,True,0.0,0.0,0.0,0.0,0.2341163415147534,0.0,0.2341163415147534,False,0.0
8940e30b14fffff,True,0.0,0.0,0.0,0.0,0.0,0.0,0.0,False,0.0
8940e30b157ffff,False,0.0,1.0,0.0,1.0,0.6053464915749182,0.6591459748957658,0.6053464915749182,True,0.09842699730377097
8940e30b163ffff,True,0.0,0.0,0.0,0.0,0.0,0.0,0.0,False,0.0
8940e30b16fffff,True,0.0,0.0,0.0,0.0,0.0,0.0,0.0,False,0.0
8940e30b173ffff,True,0.0,0.0,0.0,0.0,0.0,0.0,0.0,False,0.0
8940e30b17bffff,True,0.0,0.0,0.0,0.0,2.281680628971856,1.5750788261837758,2.281680628971856,False,0.0
8940e30b183ffff,True,0.0,0.0,0.0,0.0,0.0,0.0,0.0,False,0.0
8940e30b18bffff,True,0.0,0.0,0.0,0.0,0.2003174226757313,0.0,0.2003174226757313,False,0.0
8940e30b193ffff,False,0.0,0.0,1.0,1.0,1.5820968914142564,1.3759488316434692,1.5820968914142564,False,0.004956967743704396
8940e30b19bffff,True,0.0,0.0,0.0,0.0,0.9020695243656286,0.5952252308466275,0.9020695243656286,False,0.0
8940e30b1c3ffff,False,0.0,0.0,1.0,1.0,1.3972188164621928,1.1934117732131395,1.3972188164621928,False,0.004093514970764052
8940e30b1c7ffff,True,0.0,0.0,0.0,0.0,0.2200257487539099,0.1628625044018955,0.2200257487539099,False,0.0
8940e30b1cfffff,False,0.0,1.0,2.0,3.0,0.2771587280166616,0.9135852101062292,0.2771587280166616,True,0.057969467927270035
8940e30b1d3ffff,False,0.0,0.0,1.0,1.0,3.593414600707107,2.437045694601044,3.593414600707107,False,0.010903715876159625
8940e30b1d7ffff,False,0.0,0.0,1.0,1.0,3.07768820284352,2.363898551328784,3.07768820284352,False,0.010114063582983487
8940e30b1dbffff,False,0.0,0.0,3.0,3.0,1.1939730490104252,1.1068013746205656,1.1939730490104252,False,0.0017046833833522408
8940e30b203ffff,True,0.0,0.0,0.0,0.0,0.0,0.0,0.0,False,0.0
8940e30b207ffff,False,0.0,0.0,2.0,2.0,2.027858176471937,1.166527076665938,2.027858176471937,False,0.0033551940227062697
8940e30b20fffff,True,0.0,0.0,0.0,0.0,0.0,0.0,0.0,False,0.0
8940e30b213ffff,False,0.0,2.0,5.0,7.0,1.9450665228742197,2.9153335477310423,1.9450665228742197,True,0.14451970626416222
8940e30b217ffff,False,0.0,1.0,7.0,8.0,4.952496100850972,3.6726109869016974,4.952496100850972,False,0.06935758560064437
8940e30b21bffff,True,0.0,0.0,0.0,0.0,0.0,0.0,0.0,False,0.0
8940e30b223ffff,True,0.0,0.0,0.0,0.0,0.0,0.0,0.0,False,0.0
8940e30b22bffff,False,0.0,1.0,8.0,9.0,5.135864286383037,6.176390877161969,5.135864286383037,True,0.10354941823156222
8940e30b233ffff,False,0.0,0.0,2.0,2.0,0.7004294781537361,0.9464698337324567,0.7004294781537361,True,0.0013473414526886055
8940e30b23bffff,False,0.0,0.0,3.0,3.0,1.4624851254154536,1.3487992091562242,1.4624851254154536,False,0.0024354640900401472
8940e30b243ffff,False,0.0,2.0,5.0,7.0,7.870188698782142,7.831989213130676,7.870188698782142,False,0.26894059149318006
8940e30b247ffff,False,0.0,0.0,3.0,3.0,2.402008171372771,2.594213735820366,2.402008171372771,True,0.006702875560835899
8940e30b24bffff,False,0.0,0.0,20.0,20.0,11.76387559814393,10.641843376363305,11.76387559814393,False,0.022063189999007013
8940e30b24fffff,False,0.0,1.0,22.0,23.0,9.365945114423283,10.607360137090083,9.365945114423283,True,0.07551132617615935
8940e30b253ffff,False,0.0,0.0,4.0,4.0,5.693387014833497,5.222766389188666,5.693387014833497,False,0.01804400176511714
8940e30b257ffff,False,0.0,2.0,7.0,9.0,18.592179869464967,17.87536406428587,18.592179869464967,False,0.34082827282610817
8940e30b25bffff,False,0.0,4.0,11.0,15.0,12.788226140599669,12.938372461964956,12.788226140599669,True,0.4637995566724762
8940e30b263ffff,False,0.0,0.0,1.0,1.0,2.5189335299966964,2.419864681876008,2.5189335299966964,False,0.009491699024225095
8940e30b267ffff,False,0.0,0.0,5.0,5.0,6.567173977715432,5.981402280419359,6.567173977715432,False,0.019979177116548265
8940e30b26fffff,True,0.0,0.0,0.0,0.0,0.0,0.0,0.0,False,0.0
8940e30b273ffff,True,0.0,0.0,0.0,0.0,0.1985012704658266,0.0,0.1985012704658266,False,0.0
8940e30b277ffff,False,0.0,0.0,1.0,1.0,8.300427503028668,5.722776917375495,8.300427503028668,False,0.025339878330317006
8940e30b27bffff,False,0.0,0.0,5.0,5.0,1.8258289129190624,1.7280109500809702,1.8258289129190624,False,0.0024845501550907166
8940e30b283ffff,False,0.0,0.0,2.0,2.0,2.9594583884375223,2.2282271362298536,2.9594583884375223,False,0.00782477591538823
8940e30b287ffff,False,0.0,1.0,3.0,4.0,3.0665320967381766,2.0428828918636213,3.0665320967381766,False,0.07307761366522741
8940e30b28bffff,False,0.0,1.0,9.0,10.0,1.9369291650577307,2.956854295213891,1.9369291650577307,True,0.053585392231288165
8940e30b28fffff,False,0.0,0.0,4.0,4.0,5.044991470736992,4.734695073755479,5.044991470736992,False,0.015534356055096343
8940e30b293ffff,False,0.0,3.0,9.0,12.0,13.601808043974389,12.1087898554222,13.601808043974389,False,0.3682006346990314
8940e30b297ffff,False,0.0,0.0,4.0,4.0,5.956025765589634,4.6908163973952846,5.956025765589634,False,0.01652167788820881
8940e30b29bffff,False,0.0,0.0,5.0,5.0,1.1003453870740867,1.3690347194112114,1.1003453870740867,True,0.0012914265547330668
8940e30b2a3ffff,False,0.0,2.0,8.0,10.0,6.952075691639543,5.952272769797925,6.952075691639543,False,0.1731821672614441
8940e30b2a7ffff,False,0.0,1.0,1.0,2.0,3.799286317038997,3.1158574188103576,3.799286317038997,False,0.14763899330594593
8940e30b2abffff,False,0.0,0.0,4.0,4.0,7.043210955797528,5.402396099541075,7.043210955797528,False,0.020296736396118446
8940e30b2afffff,False,0.0,0.0,3.0,3.0,0.6150869970972782,0.790264445438583,0.6150869970972782,True,0.0007004702048502677
8940e30b2b3ffff,False,0.0,1.0,5.0,6.0,9.133002531163472,6.945194742429533,9.133002531163472,False,0.12545465361405023
8940e30b2b7ffff,False,0.0,0.0,5.0,5.0,2.5393881857216103,2.395166304474009,2.5393881857216103,False,0.004468212452390676
8940e30b2bbffff,False,0.0,0.0,8.0,8.0,6.971023574514529,6.275540679883314,6.971023574514529,False,0.016888398719733244
8940e30b2c3ffff,False,0.0,0.0,4.0,4.0,11.227474248794152,7.654990677543102,11.227474248794152,False,0.03292294876523738
8940e30b2c7ffff,False,0.0,0.0,8.0,8.0,3.925106314879157,5.290300624595185,3.925106314879157,True,0.009885514173564938
8940e30b2cbffff,False,0.0,1.0,4.0,5.0,11.256659254240688,9.61756170560653,11.256659254240688,False,0.16211215851974253
8940e30b2cfffff,False,0.0,2.0,22.0,24.0,14.726791845428371,21.34776910776219,14.726791845428371,True,0.2587254691934341
8940e30b2d3ffff,False,0.0,1.0,12.0,13.0,12.043441784481676,16.154867203166397,12.043441784481676,True,0.15509809916371148
8940e30b2d7ffff,False,0.0,0.0,8.0,8.0,0.932379343632975,1.5791852985592731,0.932379343632975,True,0.0008364531472332629
8940e30b2dbffff,False,0.0,3.0,13.0,16.0,20.058431612370725,18.083583317090135,20.058431612370725,False,0.3933140237055732
8940e30b3a3ffff,True,0.0,0.0,0.0,0.0,0.0,0.0,0.0,False,0.0
8940e30b3a7ffff,True,0.0,0.0,0.0,0.0,0.0,0.0,0.0,False,0.0
8940e30b3b3ffff,True,0.0,0.0,0.0,0.0,0.0,0.0,0.0,False,0.0
8940e30b3b7ffff,False,0.0,1.0,0.0,1.0,2.378080349195036,2.1952210681480078,2.378080349195036,False,0.17336392780006254
8940e30b3d3ffff,True,0.0,0.0,0.0,0.0,0.0,0.0,0.0,False,0.0
8940e30b3dbffff,True,0.0,0.0,0.0,0.0,0.0,0.0,0.0,False,0.0
8940e30b403ffff,False,0.0,1.0,0.0,1.0,0.6604818446967091,0.6953333553493141,0.6604818446967091,True,0.10144860304547382
8940e30b40bffff,True,0.0,0.0,0.0,0.0,0.0,0.0,0.0,False,0.0
8940e30b40fffff,False,0.0,0.0,1.0,1.0,0.5105494606369818,1.0103776427433968,0.5105494606369818,True,0.002019328550817537
8940e30b413ffff,True,0.0,0.0,0.0,0.0,0.0,0.0,0.0,False,0.0
8940e30b41bffff,False,0.0,1.0,2.0,3.0,0.8022069235050792,1.3706905523786457,0.8022069235050792,True,0.07948855538091709
8940e30b443ffff,False,0.0,0.0,1.0,1.0,0.5331590605782759,0.616832784355115,0.5331590605782759,True,0.0012116141308844948
8940e30b447ffff,True,0.0,0.0,0.0,0.0,0.6471420966481021,0.2416151351777594,0.6471420966481021,False,0.0
8940e30b44bffff,False,0.0,1.0,1.0,2.0,0.5707062822463324,0.6069962577871817,0.5707062822463324,True,0.052764700370865836
8940e30b44fffff,True,0.0,0.0,0.0,0.0,0.6573700728481924,0.4947534399236153,0.6573700728481924,False,0.0
8940e30b453ffff,True,0.0,0.0,0.0,0.0,0.9204834374374324,0.510018561925548,0.9204834374374324,False,0.0
8940e30b45bffff,False,0.0,0.0,1.0,1.0,0.2357538685983622,0.4743972725500598,0.2357538685983622,True,0.0004938134912968852
8940e30b463ffff,False,0.0,1.0,1.0,2.0,0.5858034486301409,0.9708482750343534,0.5858034486301409,True,0.08335404490145254
8940e30b46bffff,False,0.0,1.0,2.0,3.0,0.776152427096109,1.521763728607365,0.776152427096109,True,0.08837483628448545
8940e30b46fffff,True,0.0,0.0,0.0,0.0,0.0,0.0,0.0,False,0.0
8940e30b473ffff,False,0.0,0.0,3.0,3.0,0.5114655063513851,1.105222194774306,0.5114655063513851,True,0.0008546873363805335
8940e30b47bffff,False,0.0,0.0,1.0,1.0,0.3426394984805042,0.6258736592033354,0.3426394984805042,True,0.0008999475723186576
8940e30b4c7ffff,True,0.0,0.0,0.0,0.0,0.2664929080365268,0.0,0.2664929080365268,False,0.0
8940e30b4cfffff,False,0.0,0.0,1.0,1.0,0.0,0.2010559601374399,0.0,True,1.1379786002407854e-16
8940e30b507ffff,False,0.0,0.0,1.0,1.0,0.5131186019458848,0.4516554932474292,0.5131186019458848,False,0.0008453203044045208
8940e30b50fffff,True,0.0,0.0,0.0,0.0,0.1708550560726815,0.0,0.1708550560726815,False,0.0
8940e30b523ffff,False,0.0,0.0,1.0,1.0,0.2487468805002955,0.3606755566052276,0.2487468805002955,True,0.0003834440353567754
8940e30b52bffff,True,0.0,0.0,0.0,0.0,0.3689866589879081,0.1284329555373824,0.3689866589879081,False,0.0
8940e30b52fffff,False,0.0,0.0,2.0,2.0,0.988419526541067,1.081951452546378,0.988419526541067,True,0.001998098238578062
8940e30b53bffff,True,0.0,0.0,0.0,0.0,0.0,0.0,0.0,False,0.0
8940e30b547ffff,True,0.0,0.0,0.0,0.0,0.0,0.0,0.0,False,0.0
8940e30b54fffff,False,0.0,0.0,3.0,3.0,0.4611237247955728,0.7784698740025888,0.4611237247955728,True,0.0005364815569342263
8940e30b563ffff,False,0.0,0.0,7.0,7.0,9.35301493039093,8.04413330808953,9.35301493039093,False,0.02706186479818222
8940e30b567ffff,False,0.0,1.0,16.0,17.0,10.175931255092705,9.969653706321004,10.175931255092705,False,0.08834691465775252
8940e30b56bffff,False,0.0,0.0,6.0,6.0,3.634173786260224,3.136871607565539,3.634173786260224,False,0.006621275597611678
8940e30b56fffff,False,0.0,0.0,2.0,2.0,5.657232114444678,5.425475281357362,5.657232114444678,False,0.02131851191727803
8940e30b573ffff,False,0.0,0.0,3.0,3.0,0.8058589864460907,1.8325263224178732,0.8058589864460907,True,0.0021784336835064593
8940e30b577ffff,False,0.0,0.0,14.0,14.0,4.823469067544163,4.585716020978659,4.823469067544163,False,0.006285714415240395
8940e30b57bffff,False,0.0,0.0,4.0,4.0,2.1558287309989312,2.5472087227167366,2.1558287309989312,True,0.005052478895084724
8940e30b603ffff,False,0.0,3.0,12.0,15.0,30.61198251717116,31.836169823882543,30.61198251717116,True,0.5344449737111074
8940e30b607ffff,False,0.0,0.0,7.0,7.0,18.96891564868261,12.323311116589402,18.96891564868261,False,0.05285039729742377
8940e30b60bffff,False,0.0,1.0,12.0,13.0,19.79138068571553,16.808886364050366,19.79138068571553,False,0.13755645089559893
8940e30b60fffff,False,0.0,0.0,15.0,15.0,14.818470616414292,13.730513199334624,14.818470616414292,False,0.039802892319180536
8940e30b613ffff,False,0.0,0.0,2.0,2.0,6.546840571368432,4.91561614896384,6.546840571368432,False,0.021287854479000765
8940e30b617ffff,False,0.0,2.0,7.0,9.0,8.724369375640235,7.429246162203169,8.724369375640235,False,0.21502137211502304
8940e30b61bffff,False,0.0,0.0,5.0,5.0,12.21253042936049,7.78387010401129,12.21253042936049,False,0.032578771436616194
8940e30b623ffff,False,0.0,1.0,3.0,4.0,6.6809663858568085,3.7100530292807865,6.6809663858568085,False,0.10004966172353297
8940e30b627ffff,False,0.0,1.0,8.0,9.0,5.793877612360037,6.340244316325973,5.793877612360037,True,0.10330558776346416
8940e30b62bffff,False,0.0,1.0,7.0,8.0,13.869729307311475,10.54656408452278,13.869729307311475,False,0.1335956624849402
8940e30b62fffff,False,0.0,2.0,5.0,7.0,3.5868141799478632,3.110176546854361,3.5868141799478632,False,0.13975408477045603
8940e30b633ffff,False,0.0,1.0,4.0,5.0,11.6192043691338,8.191047741736215,11.6192043691338,False,0.14255979211177633
8940e30b637ffff,False,0.0,2.0,5.0,7.0,19.495836375835367,12.321269738848097,19.495836375835367,False,0.2809189683459984
8940e30b63bffff,False,0.0,1.0,9.0,10.0,5.727173166496324,6.122253549053349,5.727173166496324,True,0.09290997719410293
8940e30b643ffff,False,0.0,4.0,8.0,12.0,27.446538186355184,28.44865984328745,27.446538186355184,True,0.7327094795377473
8940e30b647ffff,False,0.0,3.0,7.0,10.0,12.418572561131931,12.58607637958861,12.418572561131931,True,0.4313776283065818
8940e30b64bffff,False,0.0,2.0,8.0,10.0,12.546667550391328,9.445454487540268,12.546667550391328,False,0.22430438303132194
8940e30b64fffff,False,0.0,2.0,18.0,20.0,24.33511491242676,27.33559051336966,24.33511491242676,True,0.30902414964559244
8940e30b653ffff,False,1.0,2.0,17.0,19.0,20.625986164634504,25.77427310051312,20.625986164634504,True,0.3253073645952713
8940e30b657ffff,False,0.0,1.0,7.0,8.0,18.25878453189532,13.957286179637698,18.25878453189532,False,0.1504903341730202
8940e30b65bffff,False,0.0,0.0,1.0,1.0,3.343012046961344,2.3879904920077237,3.343012046961344,False,0.010483348860277571
8940e30b663ffff,False,0.0,1.0,8.0,9.0,6.894514290330646,7.675505095426842,6.894514290330646,True,0.11804338941610731
8940e30b667ffff,False,0.0,3.0,11.0,14.0,18.822614527317693,16.602156273545972,18.822614527317693,False,0.40042107572499086
8940e30b66bffff,False,0.0,3.0,17.0,20.0,25.41097345287901,29.262012294396747,25.41097345287901,True,0.4818689510912173
8940e30b66fffff,False,0.0,2.0,10.0,12.0,18.9707864808183,16.567549570192142,18.9707864808183,False,0.28636199343662627
8940e30b673ffff,False,0.0,4.0,9.0,13.0,11.623966976795328,12.621819161381667,11.623966976795328,True,0.5086817412186033
8940e30b677ffff,False,0.0,0.0,5.0,5.0,7.054447934164197,6.856013613960179,7.054447934164197,False,0.023569950271129715
8940e30b67bffff,False,0.0,2.0,4.0,6.0,11.359773429012456,7.91626439490997,11.359773429012456,False,0.25900010575581656
8940e30b683ffff,False,0.0,0.0,1.0,1.0,0.0,0.1696969074600821,0.0,True,1.1379786002407854e-16
8940e30b687ffff,True,0.0,0.0,0.0,0.0,0.2489860036855914,0.1228069322003928,0.2489860036855914,False,0.0
8940e30b68bffff,False,0.0,0.0,5.0,5.0,4.972473816202313,5.415532072741638,4.972473816202313,True,0.015862149273948002
8940e30b68fffff,True,0.0,0.0,0.0,0.0,0.6965455689482811,0.2796689387019548,0.6965455689482811,False,0.0
8940e30b693ffff,False,0.0,0.0,2.0,2.0,3.332319428932405,2.0741578245694607,3.332319428932405,False,0.007634216202132251
8940e30b697ffff,True,0.0,0.0,0.0,0.0,1.0748585435678166,0.4519908344556434,1.0748585435678166,False,0.0
8940e30b69bffff,False,0.0,0.0,1.0,1.0,0.0,0.3029880372626504,0.0,True,2.220446049250313e-16
8940e30b6a3ffff,False,0.0,0.0,1.0,1.0,0.271101377155061,0.4424151847199819,0.271101377155061,True,0.0005126012742535714
8940e30b6a7ffff,False,0.0,0.0,1.0,1.0,0.0,0.1928895608310687,0.0,True,2.220446049250313e-16
8940e30b6abffff,False,0.0,2.0,8.0,10.0,28.26247522536004,28.695596762040346,28.26247522536004,True,0.37871704100169234
8940e30b6afffff,False,0.0,0.0,5.0,5.0,7.777236440713034,6.895910551289446,7.777236440713034,False,0.02467303014568681
8940e30b6b3ffff,False,0.0,0.0,1.0,1.0,0.513038445473281,0.5969953767150625,0.513038445473281,True,0.0011397657180821615
8940e30b6b7ffff,False,0.0,0.0,1.0,1.0,0.8319774432249769,0.9829519085374154,0.8319774432249769,True,0.0026137401197568926
8940e30b6bbffff,False,0.0,0.0,1.0,1.0,0.5966442117391053,0.5983064407042231,0.5966442117391053,True,0.001262177772519077
8940e30b6c3ffff,False,0.0,0.0,5.0,5.0,5.175305985264082,5.131868783547976,5.175305985264082,False,0.015302214352520431
8940e30b6c7ffff,False,0.0,1.0,6.0,7.0,12.665011915208854,10.700605548141878,12.665011915208854,False,0.1480162332674116
8940e30b6cbffff,False,3.0,6.0,21.0,27.0,54.97125792583373,59.85289535576101,54.97125792583373,True,1.1326678267859522
8940e30b6cfffff,False,0.0,0.0,3.0,3.0,0.7396521445606702,0.993840439074013,0.7396521445606702,True,0.0010427925087698022
8940e30b6d3ffff,True,0.0,0.0,0.0,0.0,0.0,0.0,0.0,False,0.0
8940e30b6d7ffff,False,0.0,3.0,7.0,10.0,17.67956175670371,15.80183545086944,17.67956175670371,False,0.45899327516112054
8940e30b6dbffff,False,0.0,1.0,11.0,12.0,7.5268139825068,9.130012278385538,7.5268139825068,True,0.1116218745978344
8940e319203ffff,True,0.0,0.0,0.0,0.0,0.0,0.0,0.0,False,0.0
8940e31920bffff,False,0.0,1.0,11.0,12.0,4.67879667669226,5.478063833233189,4.67879667669226,True,0.07530154637090442
8940e31920fffff,True,0.0,0.0,0.0,0.0,2.1681225452720048,1.1156971118712846,2.1681225452720048,False,0.0
8940e31921bffff,False,0.0,0.0,2.0,2.0,1.9586701888538984,2.3802558917549264,1.9586701888538984,True,0.006934317474076277
8940e319243ffff,False,0.0,2.0,8.0,10.0,14.315425180667363,9.07162737168778,14.315425180667363,False,0.20710819469729247
8940e319247ffff,False,0.0,0.0,1.0,1.0,6.353782720548854,5.881555177092628,6.353782720548854,False,0.01953341878017603
8940e31924bffff,False,0.0,1.0,15.0,16.0,7.022486212557867,9.24583941687931,7.022486212557867,True,0.09264441101552096
8940e31924fffff,False,0.0,1.0,8.0,9.0,9.333897113796834,9.651092299512692,9.333897113796834,True,0.1328706797133979
8940e319253ffff,False,0.0,1.0,4.0,5.0,3.926448279364808,3.5234520690975764,3.926448279364808,False,0.09844643103219913
8940e319257ffff,False,0.0,0.0,1.0,1.0,6.546774368712764,4.0047913163987054,6.546774368712764,False,0.019013352534632343
8940e31925bffff,False,0.0,0.0,1.0,1.0,0.680767306160286,0.6171576611177738,0.680767306160286,False,0.001417687071521373
8940e319263ffff,False,0.0,3.0,17.0,20.0,20.08807556649468,22.09947222472162,20.08807556649468,True,0.4127655598033315
8940e319267ffff,False,0.0,1.0,13.0,14.0,7.0573121855423215,8.22199048082725,7.0573121855423215,True,0.09167256748443792
8940e31926bffff,False,0.0,1.0,15.0,16.0,10.297386986800287,9.964721227509868,10.297386986800287,False,0.09202406484897169
8940e31926fffff,False,0.0,0.0,6.0,6.0,14.279869080952576,10.169858980937232,14.279869080952576,False,0.041976387228970846
8940e319273ffff,False,0.0,3.0,14.0,17.0,13.937310107832309,10.387249625021608,13.937310107832309,False,0.25552403499769705
8940e319277ffff,False,0.0,0.0,9.0,9.0,21.227051270896094,15.698697726794064,21.227051270896094,False,0.0644406598332957
8940e31927bffff,True,0.0,0.0,0.0,0.0,2.493294963761707,2.1654797308401306,2.493294963761707,False,0.0
8940e3192c3ffff,False,0.0,0.0,6.0,6.0,5.908933149143656,6.292682717848185,5.908933149143656,True,0.018321067184319965
8940e3192c7ffff,False,0.0,1.0,1.0,2.0,2.844212166422752,3.184120024328954,2.844212166422752,True,0.16506892557141067
8940e3192cbffff,False,0.0,0.0,10.0,10.0,3.91342580671589,4.773719038931019,3.91342580671589,True,0.007390375660219765
8940e3192cfffff,False,0.0,1.0,16.0,17.0,15.3872082137112,20.205218592146306,15.3872082137112,True,0.15056039141694272
8940e3192d3ffff,False,0.0,1.0,3.0,4.0,5.550710331849188,5.04813414203569,5.550710331849188,False,0.1390840419237927
8940e3192d7ffff,False,0.0,0.0,2.0,2.0,2.3818231660424254,2.4321499846110206,2.3818231660424254,True,0.007777552299583792
8940e3192dbffff,True,0.0,0.0,0.0,0.0,2.604224591705365,1.4762698425420042,2.604224591705365,False,0.0
8940e319607ffff,False,0.0,0.0,1.0,1.0,0.2285066763604658,0.4166256266466238,0.2285066763604658,True,0.0004176318513031186
8940e31960bffff,False,0.0,0.0,2.0,2.0,1.6009136692882937,1.5139528941555305,1.6009136692882937,False,0.003878078369259824
8940e31960fffff,False,0.0,0.0,1.0,1.0,1.6168086119073846,1.4441270720142203,1.6168086119073846,False,0.005237506752566026
8940e31962bffff,False,0.0,0.0,3.0,3.0,11.344840204574806,9.335164319045267,11.344840204574806,False,0.03938533806375765
8940e31963bffff,False,0.0,1.0,7.0,8.0,2.808331900678763,3.7643598107125658,2.808331900678763,True,0.07883000744910068
8940e319643ffff,False,0.0,2.0,10.0,12.0,4.821000504332027,5.391830773168285,4.821000504332027,True,0.14757682142068484
8940e319647ffff,False,0.0,0.0,6.0,6.0,3.886354182947558,4.980704497429015,3.886354182947558,True,0.011344733502299288
8940e31964bffff,False,0.0,1.0,13.0,14.0,16.906040167642665,15.07874943837705,16.906040167642665,False,0.12732634328905307
8940e31964fffff,False,0.0,3.0,25.0,28.0,20.099483762881977,23.85497726212337,20.099483762881977,True,0.35963786681054666
8940e319653ffff,False,0.0,0.0,8.0,8.0,1.7817772349380834,1.8550200850048109,1.7817772349380834,True,0.0017527857224822543
8940e319657ffff,False,0.0,0.0,1.0,1.0,0.2816834650770375,0.3727831820204751,0.2816834650770375,True,0.0004395007197448733
8940e31965bffff,False,0.0,0.0,13.0,13.0,4.10146632872514,4.118066980504175,4.10146632872514,True,0.005259148487408764
8940e319663ffff,False,0.0,0.0,1.0,1.0,1.643075985002862,1.5008812961126616,1.643075985002862,False,0.00546640744012189
8940e319667ffff,True,0.0,0.0,0.0,0.0,0.861435319057354,0.5669710214925021,0.861435319057354,False,0.0
8940e31966bffff,False,0.0,0.0,1.0,1.0,4.961970572369363,3.674507523305453,4.961970572369363,False,0.0161881771046469
8940e31966fffff,False,0.0,0.0,3.0,3.0,10.85003205590551,7.153380489831432,10.85003205590551,False,0.03220145804049719
8940e319673ffff,True,0.0,0.0,0.0,0.0,0.5701343258612162,0.2823608768561267,0.5701343258612162,False,0.0
8940e319677ffff,True,0.0,0.0,0.0,0.0,0.0,0.0,0.0,False,0.0
8940e31967bffff,False,0.0,1.0,4.0,5.0,3.402901128243528,4.021236932620149,3.402901128243528,True,0.1152404590764709
8940e3541a7ffff,True,0.0,0.0,0.0,0.0,0.857058009512703,0.4015169666223709,0.857058009512703,False,0.0
8940e3541b3ffff,True,0.0,0.0,0.0,0.0,0.5838355297319192,0.2055124907096477,0.5838355297319192,False,0.0
8940e3541b7ffff,True,0.0,0.0,0.0,0.0,0.0,0.0,0.0,False,0.0
8940e354517ffff,False,0.0,0.0,1.0,1.0,0.7385076788603073,0.5162338832095078,0.7385076788603073,False,0.0012330522400737232
8940e354523ffff,True,0.0,0.0,0.0,0.0,0.0,0.0,0.0,False,0.0
8940e354527ffff,True,0.0,0.0,0.0,0.0,0.1819290164412907,0.0,0.1819290164412907,False,0.0
8940e354533ffff,False,0.0,0.0,2.0,2.0,0.4517495320256925,0.6747513568858251,0.4517495320256925,True,0.000659068100757304
8940e354537ffff,False,0.0,0.0,4.0,4.0,0.811683813001588,1.156119017037926,0.811683813001588,True,0.001021167946426771
8940e354587ffff,False,0.0,1.0,0.0,1.0,2.561064263474746,2.482371330865952,2.561064263474746,False,0.18166560073654275
8940e35458bffff,True,0.0,0.0,0.0,0.0,0.0,0.0,0.0,False,0.0
8940e35458fffff,False,0.0,0.0,3.0,3.0,1.715975589571162,1.5841958363446047,1.715975589571162,False,0.0032230946939865446
8940e3545a3ffff,True,0.0,0.0,0.0,0.0,8.95259175637753,6.249609660976614,8.95259175637753,False,0.0
8940e3545a7ffff,False,0.0,1.0,2.0,3.0,4.555514441290583,4.139087489982446,4.555514441290583,False,0.14505415859116538
8940e3545abffff,False,0.0,0.0,1.0,1.0,2.2748212995365207,1.8311336055830325,2.2748212995365207,False,0.007384579294380252
8940e3545afffff,False,0.0,1.0,2.0,3.0,0.6882761573388263,0.766422341155308,0.6882761573388263,True,0.04561385034647564
8940e3545b3ffff,False,0.0,0.0,5.0,5.0,11.43825275058498,8.041698653739365,11.43825275058498,False,0.03288555511033686
8940e3545b7ffff,False,0.0,0.0,8.0,8.0,20.677509815618254,16.23029839053599,20.677509815618254,False,0.06740401361152332
8940e3545bbffff,False,0.0,1.0,4.0,5.0,6.80718423726932,5.632560083925001,6.80718423726932,False,0.12728982724467902
8940e354807ffff,False,0.0,1.0,1.0,2.0,0.7608863877830302,0.7420478248298312,0.7608863877830302,False,0.061754657946622216
8940e354813ffff,True,0.0,0.0,0.0,0.0,0.0,0.0,0.0,False,0.0
8940e354817ffff,False,0.0,2.0,0.0,2.0,1.711867384140536,1.3144274750245368,1.711867384140536,False,0.18035471522899915
8940e354833ffff,True,0.0,0.0,0.0,0.0,0.0,0.0,0.0,False,0.0
8940e354883ffff,False,0.0,0.0,3.0,3.0,0.8405945489607949,1.329722312153901,0.8405945489607949,True,0.0015822014978886028
8940e354887ffff,False,0.0,0.0,2.0,2.0,0.0,0.4652166489427409,0.0,True,2.220446049250313e-16
8940e35488bffff,False,0.0,0.0,7.0,7.0,0.6039399986252181,1.49793738341247,0.6039399986252181,True,0.0006032957659860786
8940e35488fffff,True,0.0,0.0,0.0,0.0,0.0,0.0,0.0,False,0.0
8940e354893ffff,False,0.0,1.0,0.0,1.0,1.4700686615511769,1.5967357357859635,1.4700686615511769,True,0.16372924168802555
8940e354897ffff,False,0.0,0.0,1.0,1.0,0.4362355136397424,0.6120291343978971,0.4362355136397424,True,0.0010468418836862645
8940e35489bffff,False,0.0,1.0,3.0,4.0,0.7931620749635278,1.6817147728352877,0.7931620749635278,True,0.07567825848727444
8940e3548a3ffff,False,0.0,1.0,6.0,7.0,3.4616702306492857,2.8146013785534625,3.4616702306492857,False,0.06385176752110394
8940e3548a7ffff,False,0.0,1.0,3.0,4.0,0.6261341710961505,0.8469916233727888,0.6261341710961505,True,0.03914566652854862
8940e3548abffff,True,0.0,0.0,0.0,0.0,1.1599674411952774,0.5246763574265464,1.1599674411952774,False,0.0
8940e3548afffff,True,0.0,0.0,0.0,0.0,0.5236768315961,0.0,0.5236768315961,False,0.0
8940e3548b3ffff,True,0.0,0.0,0.0,0.0,0.0,0.0,0.0,False,0.0
8940e3548b7ffff,False,0.0,0.0,1.0,1.0,0.5026664931397847,0.3195719484830325,0.5026664931397847,False,0.0005787307902733827
8940e3548bbffff,False,0.0,0.0,7.0,7.0,10.43383819635626,6.2981595814812925,10.43383819635626,False,0.022092514725264495
8940e3548d7ffff,True,0.0,0.0,0.0,0.0,0.0,0.0,0.0,False,0.0
8940e354903ffff,False,0.0,2.0,0.0,2.0,0.5516395943454,0.5080198256053797,0.5516395943454,False,0.08887804605976879
8940e354907ffff,False,0.0,0.0,1.0,1.0,10.849139099607726,7.154144472947424,10.849139099607726,False,0.031858339343562025
8940e35490bffff,True,0.0,0.0,0.0,0.0,0.3118615664485896,0.0,0.3118615664485896,False,0.0
8940e35490fffff,False,0.0,0.0,1.0,1.0,0.9110993325056151,0.7158538438815496,0.9110993325056151,False,0.001963652433791635
8940e354913ffff,False,0.0,0.0,9.0,9.0,1.4998430249569097,1.9670974718612764,1.4998430249569097,True,0.0014429542695122213
8940e354917ffff,False,0.0,0.0,2.0,2.0,13.825187468375132,9.579898970556348,13.825187468375132,False,0.04293509860088672
8940e35491bffff,False,0.0,0.0,1.0,1.0,0.3446472851052974,0.1932246565430824,0.3446472851052974,False,0.00025887695703121806
8940e354923ffff,False,0.0,2.0,4.0,6.0,7.543965225432373,6.050024542053703,7.543965225432373,False,0.23743607808367495
8940e354927ffff,False,0.0,1.0,5.0,6.0,1.5435606590946855,1.9845532560304355,1.5435606590946855,True,0.05814962234328008
8940e35492bffff,False,0.0,1.0,2.0,3.0,15.754102804469886,9.193541746209844,15.754102804469886,False,0.1605859382616302
8940e35492fffff,False,0.0,0.0,1.0,1.0,0.2829198812017027,0.3557303073832421,0.2829198812017027,True,0.00041951776754527723
8940e354933ffff,False,0.0,0.0,2.0,2.0,15.300296986846934,9.89625563872654,15.300296986846934,False,0.04574866562992794
8940e354937ffff,False,0.0,1.0,9.0,10.0,19.607748916030467,13.107790886361318,19.607748916030467,False,0.12714574517651372
8940e35493bffff,False,0.0,1.0,5.0,6.0,13.457711754784798,7.496904508601126,13.457711754784798,False,0.11601309217643846
8940e354967ffff,True,0.0,0.0,0.0,0.0,1.1030588466630489,0.6452204002042242,1.1030588466630489,False,0.0
8940e354973ffff,False,0.0,0.0,1.0,1.0,0.3290518810628084,0.3107113717489408,0.3290518810628084,False,0.0004097100347591424
8940e354977ffff,True,0.0,0.0,0.0,0.0,0.1967036525466784,0.0,0.1967036525466784,False,0.0
8940e354983ffff,False,0.0,0.0,5.0,5.0,4.327791611282294,3.2311394469362806,4.327791611282294,False,0.008569257714980627
8940e354987ffff,False,0.0,0.0,5.0,5.0,15.569405978908929,11.512075610100965,15.569405978908929,False,0.04974016394466599
8940e35498bffff,False,0.0,2.0,5.0,7.0,1.151829622692344,1.4614278272558916,1.151829622692344,True,0.07690983336541957
8940e35498fffff,False,0.0,0.0,3.0,3.0,8.365030293753959,6.6828450589380894,8.365030293753959,False,0.027990908645874307
8940e354993ffff,False,0.0,0.0,2.0,2.0,3.8455228534011137,3.3659150528020505,3.8455228534011137,False,0.012897298277941383
8940e354997ffff,False,0.0,1.0,13.0,14.0,5.675402034030916,8.618902792591134,5.675402034030916,True,0.09979994121460828
8940e35499bffff,False,0.0,0.0,8.0,8.0,3.2751460993943216,2.44692189572158,3.2751460993943216,False,0.0038101547445184916
8940e3549a3ffff,False,0.0,1.0,2.0,3.0,1.4526991630998445,1.2888089613411695,1.4526991630998445,False,0.06836428103882214
8940e3549a7ffff,False,0.0,0.0,2.0,2.0,0.1982500411415268,0.4162395325702323,0.1982500411415268,True,0.0001904579060307166
8940e3549abffff,False,0.0,0.0,1.0,1.0,8.486168434649075,6.460227296736417,8.486168434649075,False,0.026217399169898313
8940e3549afffff,False,0.0,0.0,1.0,1.0,2.6821764005644844,1.706774113902246,2.6821764005644844,False,0.007314115997530745
8940e3549b3ffff,False,0.0,0.0,1.0,1.0,0.0,0.2703721285744156,0.0,True,2.7755575615628915e-18
8940e3549b7ffff,False,0.0,0.0,3.0,3.0,0.6358143252389888,0.9896998544427724,0.6358143252389888,True,0.0009148382577752086
8940e3549bbffff,False,0.0,0.0,5.0,5.0,10.99735855189151,7.001566449774101,10.99735855189151,False,0.02844076635009682
8940e3549c7ffff,True,0.0,0.0,0.0,0.0,0.0,0.0,0.0,False,0.0
8940e3549d3ffff,False,0.0,0.0,1.0,1.0,0.0,0.1441653346646079,0.0,True,1.1102230246251565e-16
8940e3549d7ffff,False,0.0,1.0,2.0,3.0,0.5968658762060076,0.7809454060374539,0.5968658762060076,True,0.04711694653924853
8940e3549dbffff,True,0.0,0.0,0.0,0.0,0.0,0.0,0.0,False,0.0
8940e354c03ffff,True,0.0,0.0,0.0,0.0,0.5380673596530332,0.2780509932685773,0.5380673596530332,False,0.0
8940e354c07ffff,True,0.0,0.0,0.0,0.0,0.3016805409117853,0.0,0.3016805409117853,False,0.0
8940e354c0bffff,True,0.0,0.0,0.0,0.0,0.3906521061292604,0.0,0.3906521061292604,False,0.0
8940e354c0fffff,False,0.0,0.0,3.0,3.0,0.8716939878734034,1.9318514123179893,0.8716939878734034,True,0.002457810915102893
8940e354c13ffff,False,0.0,0.0,1.0,1.0,0.2508717530285206,0.3532008725540325,0.2508717530285206,True,0.0003775729335053295
8940e354c17ffff,True,0.0,0.0,0.0,0.0,0.0,0.0,0.0,False,0.0
8940e354c1bffff,True,0.0,0.0,0.0,0.0,0.0,0.0,0.0,False,0.0
8940e354c23ffff,False,0.0,0.0,3.0,3.0,0.642596034293587,1.312856761908938,0.642596034293587,True,0.00125244176913229
8940e354c27ffff,False,0.0,0.0,1.0,1.0,0.0,0.1493876059008244,0.0,True,1.1102230246251565e-16
8940e354c2bffff,False,0.0,0.0,2.0,2.0,0.8359241767296454,1.6628304893056836,0.8359241767296454,True,0.0028504903192732058
8940e354c2fffff,False,0.0,0.0,4.0,4.0,0.8067629622726527,1.208641371594955,0.8067629622726527,True,0.0010649520929236662
8940e354c33ffff,True,0.0,0.0,0.0,0.0,2.7851968359776524,1.595949656746787,2.7851968359776524,False,0.0
8940e354c37ffff,False,0.0,2.0,4.0,6.0,0.8068232729726027,1.1628431602653206,0.8068232729726027,True,0.07244062487104908
8940e354c3bffff,True,0.0,0.0,0.0,0.0,0.30147074414134,0.2025153947477617,0.30147074414134,False,0.0
8940e354c47ffff,True,0.0,0.0,0.0,0.0,0.2513651986196791,0.124163232465944,0.2513651986196791,False,0.0
8940e354c53ffff,True,0.0,0.0,0.0,0.0,0.0,0.0,0.0,False,0.0
8940e354c63ffff,True,0.0,0.0,0.0,0.0,0.250100683430378,0.0,0.250100683430378,False,0.0
8940e354c67ffff,False,0.0,0.0,5.0,5.0,0.3798313826600299,1.4757126563538994,0.3798313826600299,True,0.0005382467768947352
8940e354c6fffff,False,0.0,0.0,2.0,2.0,0.3399882248435994,0.913048680018562,0.3399882248435994,True,0.0007184492343814911
8940e354c73ffff,False,0.0,0.0,5.0,5.0,0.9641663863481866,2.365999892476152,0.9641663863481866,True,0.0020817648760010354
8940e354c77ffff,False,0.0,0.0,2.0,2.0,0.3305117596463399,1.2682786473137475,0.3305117596463399,True,0.001015217803408186
8940e354c83ffff,False,0.0,1.0,0.0,1.0,0.2947893430558908,0.9174462030888876,0.2947893430558908,True,0.15242514627950216
8940e354c87ffff,False,0.0,0.0,1.0,1.0,1.0509413769089997,1.053679658787848,1.0509413769089997,True,0.0031682654049319005
8940e354c8bffff,False,0.0,0.0,1.0,1.0,0.2230908057463688,0.4422849596021698,0.2230908057463688,True,0.0004369274695425363
8940e354c93ffff,False,0.0,0.0,2.0,2.0,0.4944237329259405,1.0581048162356146,0.4944237329259405,True,0.0011577851212478067
8940e354c97ffff,True,0.0,0.0,0.0,0.0,0.0,0.0,0.0,False,0.0
8940e354c9bffff,False,0.0,0.0,1.0,1.0,0.4813196145655827,0.6583952378695056,0.4813196145655827,True,0.0012138552615344553
8940e354ca3ffff,False,0.0,0.0,4.0,4.0,2.5862616717782654,2.420445194350369,2.5862616717782654,False,0.0053779143701249595
8940e354ca7ffff,False,0.0,2.0,8.0,10.0,17.99347839605818,11.39884790235886,17.99347839605818,False,0.23333475407736304
8940e354cabffff,False,0.0,2.0,4.0,6.0,15.223713962260057,8.220239087156132,15.223713962260057,False,0.23864141794710358
8940e354cafffff,True,0.0,0.0,0.0,0.0,0.0,0.0,0.0,False,0.0
8940e354cb3ffff,False,0.0,1.0,3.0,4.0,2.425910254676591,2.4799495788228763,2.425910254676591,True,0.0928634805530904
8940e354cb7ffff,False,0.0,0.0,1.0,1.0,0.2229219862684836,0.2154983620526043,0.2229219862684836,False,0.00020310984103996416
8940e354cbbffff,True,0.0,0.0,0.0,0.0,0.5250958821667099,0.216450539288887,0.5250958821667099,False,0.0
8940e354cc3ffff,True,0.0,0.0,0.0,0.0,0.2263205896944209,0.0,0.2263205896944209,False,0.0
8940e354cc7ffff,True,0.0,0.0,0.0,0.0,0.6415637118827195,0.3389542639819784,0.6415637118827195,False,0.0
8940e354ccbffff,False,0.0,0.0,1.0,1.0,0.0,0.1720471585010407,0.0,True,1.1102230246251565e-16
8940e354ccfffff,True,0.0,0.0,0.0,0.0,0.5081597751557649,0.1642739647541277,0.5081597751557649,False,0.0
8940e354cd3ffff,False,0.0,0.0,2.0,2.0,0.2540735907405294,0.4894463548004539,0.2540735907405294,True,0.000283434114014497
8940e354cd7ffff,False,0.0,0.0,1.0,1.0,0.3978329077768304,0.8483343428953005,0.3978329077768304,True,0.0014085105767636151
8940e354cdbffff,True,0.0,0.0,0.0,0.0,0.0,0.0,0.0,False,0.0
8940e354d03ffff,False,0.0,1.0,6.0,7.0,4.720013890121382,5.159112121681079,4.720013890121382,True,0.10657388651569183
8940e354d07ffff,False,0.0,0.0,3.0,3.0,12.419535022285189,8.418515062386652,12.419535022285189,False,0.03816499455283574
8940e354d0bffff,False,0.0,1.0,2.0,3.0,3.1859642688566545,1.5745595476574272,3.1859642688566545,False,0.06860246229428474
8940e354d0fffff,False,0.0,0.0,2.0,2.0,1.443926951779935,1.343648998622902,1.443926951779935,False,0.003216342574259257
8940e354d13ffff,False,0.0,1.0,6.0,7.0,17.564589644828303,12.007636484491885,17.564589644828303,False,0.1434228793848245
8940e354d17ffff,False,0.0,1.0,13.0,14.0,12.584323649636469,12.934459371208236,12.584323649636469,True,0.12153301246427334
8940e354d1bffff,False,0.0,0.0,3.0,3.0,4.326713637672799,3.6943689634895054,4.326713637672799,False,0.012841742300073046
8940e354d23ffff,False,0.0,0.0,8.0,8.0,16.64725661105025,12.667008633218748,16.64725661105025,False,0.05020228203656983
8940e354d27ffff,False,0.0,1.0,18.0,19.0,11.971258508282194,14.182935720758694,11.971258508282194,True,0.10955836431610849
8940e354d2bffff,False,0.0,2.0,4.0,6.0,10.844054908980109,7.51406036297749,10.844054908980109,False,0.2522848308584106
8940e354d2fffff,False,0.0,3.0,6.0,9.0,12.677222034726809,8.701625930911975,12.677222034726809,False,0.3306043819257991
8940e354d33ffff,False,0.0,1.0,8.0,9.0,13.787263151357353,11.550200614272942,13.787263151357353,False,0.13642987824919645
8940e354d37ffff,False,0.0,1.0,12.0,13.0,21.62408253014881,20.800010386383512,21.62408253014881,False,0.15760702756400918
8940e354d3bffff,False,0.0,0.0,9.0,9.0,11.705433467037714,9.632209644168476,11.705433467037714,False,0.03198790192720134
8940e354d43ffff,True,0.0,0.0,0.0,0.0,0.0,0.0,0.0,False,0.0
8940e354d47ffff,False,0.0,2.0,2.0,4.0,0.7498915899419338,0.9120391601817462,0.7498915899419338,True,0.08306251798078501
8940e354d4bffff,False,0.0,1.0,2.0,3.0,0.7210256415467045,0.9389236107280414,0.7210256415467045,True,0.0554833765388521
8940e354d4fffff,False,0.0,0.0,3.0,3.0,0.8847433794720274,0.8143844104535063,0.8847433794720274,False,0.000977540793635134
8940e354d53ffff,False,0.0,1.0,3.0,4.0,1.983237422219716,1.77951283131871,1.983237422219716,False,0.07040714019715005
8940e354d57ffff,False,0.0,0.0,3.0,3.0,4.823282706282926,3.1110545320956158,4.823282706282926,False,0.011289751327328783
8940e354d5bffff,False,0.0,0.0,2.0,2.0,0.4759878284490763,0.9573843305744,0.4759878284490763,True,0.001005220527467876
8940e354d63ffff,False,0.0,0.0,3.0,3.0,3.2332879419913474,2.789416896389337,3.2332879419913474,False,0.008450650713599447
8940e354d67ffff,False,0.0,0.0,6.0,6.0,2.234891820966071,2.320558686514964,2.234891820966071,True,0.003410703629664759
8940e354d6bffff,False,0.0,0.0,2.0,2.0,1.2275484407697157,0.9621950344115088,1.2275484407697157,False,0.00203813275108476
8940e354d6fffff,False,0.0,0.0,3.0,3.0,2.8243236754330034,1.631436679597401,2.8243236754330034,False,0.004494811272391482
8940e354d73ffff,False,0.0,0.0,4.0,4.0,3.0744482127277357,3.0066541817001906,3.0744482127277357,False,0.007521839710551537
8940e354d77ffff,False,0.0,1.0,9.0,10.0,11.611242261284769,11.189052042382023,11.611242261284769,False,0.1331542804093065
8940e354d7bffff,False,0.0,0.0,3.0,3.0,3.322949484409301,2.684216797171583,3.322949484409301,False,0.00822789028562242
8940e354d83ffff,False,0.0,0.0,1.0,1.0,1.7497117715861912,1.4215725904881398,1.7497117715861912,False,0.005319461044451209
8940e354d87ffff,False,0.0,1.0,26.0,27.0,16.575447610773015,18.306766955653263,16.575447610773015,True,0.1018021330563384
8940e354d8bffff,False,0.0,2.0,6.0,8.0,13.923934495830744,12.160764982094063,13.923934495830744,False,0.2987361092807813
8940e354d8fffff,False,0.0,2.0,16.0,18.0,23.925647107372438,21.97143044471371,23.925647107372438,False,0.27445631600284204
8940e354d93ffff,False,0.0,0.0,13.0,13.0,1.3630132942410755,2.3985346407944568,1.3630132942410755,True,0.0011494816211264705
8940e354d97ffff,False,0.0,1.0,14.0,15.0,18.58668638177225,13.384747408624554,18.58668638177225,False,0.10703220359690208
8940e354d9bffff,False,0.0,1.0,1.0,2.0,3.915437377305373,3.072823646954668,3.915437377305373,False,0.14451040261653364
8940e354da3ffff,False,0.0,1.0,14.0,15.0,15.486592367684825,14.028238403214957,15.486592367684825,False,0.11807397413201742
8940e354da7ffff,False,0.0,1.0,4.0,5.0,15.157254537288182,11.200629911397987,15.157254537288182,False,0.1616000983507327
8940e354dabffff,False,0.0,2.0,8.0,10.0,17.519378285780334,12.80724699630365,17.519378285780334,False,0.25993509610262466
8940e354dafffff,False,0.0,0.0,5.0,5.0,15.215771641972772,10.22385021520226,15.215771641972772,False,0.044721719404657176
8940e354db3ffff,False,0.0,0.0,22.0,22.0,21.556074377835348,24.269511047615925,21.556074377835348,True,0.07060235087795125
8940e354db7ffff,False,0.0,1.0,14.0,15.0,16.90560764540427,13.279337573354908,16.90560764540427,False,0.10949411883592647
8940e354dbbffff,False,0.0,1.0,9.0,10.0,4.995439647582958,6.717587218466852,4.995439647582958,True,0.10431338427061015
8940e354dc3ffff,False,0.0,1.0,4.0,5.0,4.878191496934179,5.267969056921669,4.878191496934179,True,0.13322094558003955
8940e354dc7ffff,False,0.0,1.0,15.0,16.0,39.86144551824293,38.70977169428791,39.86144551824293,False,0.20739773729126898
8940e354dcbffff,True,0.0,0.0,0.0,0.0,0.0,0.0,0.0,False,0.0
8940e354dcfffff,False,0.0,1.0,7.0,8.0,16.878574402429713,12.166400173852294,16.878574402429713,False,0.139503362697403
8940e354dd3ffff,False,0.0,1.0,5.0,6.0,30.666530602267844,29.31719100623365,30.666530602267844,False,0.1975625303892244
8940e354dd7ffff,False,0.0,1.0,10.0,11.0,29.66476720252493,24.06887852935626,29.66476720252493,False,0.16729943785505044
8940e354ddbffff,False,0.0,0.0,2.0,2.0,11.421912965356404,7.603783132766297,11.421912965356404,False,0.034999931073390125
8940e356023ffff,True,0.0,0.0,0.0,0.0,0.0,0.0,0.0,False,0.0
8940e356027ffff,True,0.0,0.0,0.0,0.0,0.0,0.0,0.0,False,0.0
8940e35602bffff,True,0.0,0.0,0.0,0.0,0.0,0.0,0.0,False,0.0
8940e35602fffff,True,0.0,0.0,0.0,0.0,3.824507534362757,2.7426066101585165,3.824507534362757,False,0.0
8940e356103ffff,False,0.0,1.0,7.0,8.0,1.411444936208358,2.0362173219442457,1.411444936208358,True,0.04656123528757644
8940e356107ffff,False,0.0,0.0,5.0,5.0,0.8749007273489506,1.3467142983787432,0.8749007273489506,True,0.0010423668732362007
8940e35610bffff,False,0.0,1.0,6.0,7.0,7.864120005747384,7.319395778406664,7.864120005747384,False,0.12693284497348395
8940e35610fffff,False,0.0,1.0,4.0,5.0,1.7727364783791364,1.9022785477800803,1.7727364783791364,True,0.06397395981003201
8940e356113ffff,False,0.0,0.0,3.0,3.0,1.6589204592365243,1.3667792118167752,1.6589204592365243,False,0.002693307818492181
8940e356117ffff,False,0.0,0.0,1.0,1.0,5.127456250513875,3.4805335483161635,5.127456250513875,False,0.01590225679798764
8940e35611bffff,False,0.0,1.0,1.0,2.0,0.5736146994143363,0.7346021021762299,0.5736146994143363,True,0.06362763370713514
8940e356123ffff,False,0.0,1.0,2.0,3.0,3.569185299311424,2.9687784037245244,3.569185299311424,False,0.11885404943783523
8940e356127ffff,False,0.0,0.0,17.0,17.0,1.7833082542254026,4.004985426204497,1.7833082542254026,True,0.0019433952162846609
8940e35612bffff,False,0.0,1.0,1.0,2.0,0.8422788516191452,0.8824237462525971,0.8422788516191452,True,0.07192484621714029
8940e35612fffff,True,0.0,0.0,0.0,0.0,0.0,0.0,0.0,False,0.0
8940e356133ffff,False,0.0,0.0,2.0,2.0,0.91776800448233,0.9840382693133334,0.91776800448233,True,0.0017133793825159782
8940e356137ffff,False,0.0,0.0,2.0,2.0,4.176762442334651,3.2413663270554216,4.176762442334651,False,0.012841183994081719
8940e35613bffff,False,0.0,0.0,3.0,3.0,7.53218775700545,5.609577502800047,7.53218775700545,False,0.0233376431852009
8940e356143ffff,False,0.0,0.0,1.0,1.0,0.3730146663619633,0.3535398264523011,0.3730146663619633,False,0.0005173018527886266
8940e356147ffff,False,0.0,0.0,2.0,2.0,2.693604522384962,1.804022408894919,2.693604522384962,False,0.0060568561124539205
8940e35614bffff,False,0.0,0.0,1.0,1.0,0.0,0.1610903445363352,0.0,True,2.7755575615628915e-18
8940e35614fffff,False,0.0,0.0,1.0,1.0,0.7586932074756044,0.6131967142117246,0.7586932074756044,False,0.0015030736139405925
8940e35615bffff,True,0.0,0.0,0.0,0.0,3.1583721346829416,2.7738040703481084,3.1583721346829416,False,0.0
8940e356163ffff,False,0.0,0.0,3.0,3.0,3.501738605414296,3.0314332946099447,3.501738605414296,False,0.009569828027804289
8940e356167ffff,True,0.0,0.0,0.0,0.0,0.0,0.0,0.0,False,0.0
8940e35616bffff,True,0.0,0.0,0.0,0.0,0.0,0.0,0.0,False,0.0
8940e356173ffff,False,0.0,0.0,12.0,12.0,11.060552347849018,8.733407146434201,11.060552347849018,False,0.024128092487153557
8940e356177ffff,False,0.0,0.0,2.0,2.0,1.2569685204125065,1.1459727079252604,1.2569685204125065,False,0.002491830470832991
8940e35617bffff,False,0.0,1.0,3.0,4.0,2.978426910635775,2.189861733840348,2.978426910635775,False,0.07865592414949402
8940e356183ffff,False,0.0,0.0,9.0,9.0,6.848535195403524,6.139432341631519,6.848535195403524,False,0.01517462509163503
8940e356187ffff,False,0.0,3.0,7.0,10.0,20.099598410947237,16.71778501493666,20.099598410947237,False,0.45785475501798034
8940e35618bffff,False,0.0,0.0,16.0,16.0,12.709777531729596,15.130503346744296,12.709777531729596,True,0.039141711137052226
8940e35618fffff,False,0.0,2.0,20.0,22.0,24.805048621585907,20.16067605306037,24.805048621585907,False,0.22583008137556748
8940e356193ffff,False,0.0,1.0,3.0,4.0,11.575612591326598,8.687788170379966,11.575612591326598,False,0.16100791065096393
8940e356197ffff,False,0.0,0.0,19.0,19.0,15.954747318011965,14.87915387955572,15.954747318011965,False,0.039231975864744556
8940e35619bffff,False,0.0,0.0,4.0,4.0,6.418020389345145,7.55055849736033,6.418020389345145,True,0.026293861351524672
8940e3561a3ffff,False,0.0,0.0,9.0,9.0,28.55530892949535,33.74998946684428,28.55530892949535,True,0.09898476080764168
8940e3561a7ffff,False,0.0,2.0,9.0,11.0,12.331742400513166,11.511683285781803,12.331742400513166,False,0.25421677516592
8940e3561abffff,False,0.0,1.0,6.0,7.0,2.732955810210902,3.489053042499048,2.732955810210902,True,0.08198026716502743
8940e3561afffff,False,0.0,1.0,9.0,10.0,8.189429874320908,9.165681709989816,8.189429874320908,True,0.12376154774980003
8940e3561b3ffff,False,0.0,1.0,16.0,17.0,9.516014584956682,14.13578728019598,9.516014584956682,True,0.12420732267733464
8940e3561b7ffff,False,0.0,2.0,22.0,24.0,8.974577326760963,13.009351082896533,8.974577326760963,True,0.17903753403062128
8940e3561bbffff,False,0.0,3.0,14.0,17.0,20.67377298358501,21.05813209396999,20.67377298358501,True,0.42860033929910424
8940e3561c7ffff,True,0.0,0.0,0.0,0.0,0.0,0.0,0.0,False,0.0
8940e356397ffff,False,0.0,1.0,0.0,1.0,0.0,0.0,0.0,False,5.551115123125783e-17
8940e356503ffff,False,0.0,3.0,9.0,12.0,9.545979949169997,11.058713433962536,9.545979949169997,True,0.3759456625595594
8940e356507ffff,False,0.0,1.0,4.0,5.0,11.17535676808253,7.547436355989914,11.17535676808253,False,0.1357143692719916
8940e35650bffff,False,0.0,1.0,6.0,7.0,5.088928734760128,5.2683676376526005,5.088928734760128,True,0.10669451444223005
8940e35650fffff,False,0.0,1.0,11.0,12.0,12.439539606270316,8.439086436729514,12.439539606270316,False,0.09099618253253433
8940e356513ffff,False,0.0,0.0,1.0,1.0,1.4127268672312006,1.416002587651482,1.4127268672312006,True,0.004864341169531222
8940e356517ffff,False,0.0,0.0,7.0,7.0,8.207761900684536,9.487352807435672,8.207761900684536,True,0.03007582268221312
8940e35651bffff,True,0.0,0.0,0.0,0.0,0.268560058970855,0.0,0.268560058970855,False,0.0
8940e356523ffff,False,0.0,2.0,9.0,11.0,14.066108707281668,10.15697063285054,14.066108707281668,False,0.2184761459222827
8940e356527ffff,False,0.0,1.0,8.0,9.0,19.47840907845337,15.29869536702983,19.47840907845337,False,0.15049326076052055
8940e35652bffff,False,0.0,1.0,1.0,2.0,0.7615477412756005,0.9314625165854454,0.7615477412756005,True,0.07707120061339362
8940e35652fffff,False,0.0,0.0,3.0,3.0,9.002100534441002,6.0649144880380685,9.002100534441002,False,0.026454279964048526
8940e356533ffff,False,0.0,1.0,6.0,7.0,7.620149152719234,7.660165314499904,7.620149152719234,True,0.13325574656501066
8940e356537ffff,False,0.0,0.0,6.0,6.0,12.946135925882686,10.016305013271763,12.946135925882686,False,0.040041738587755185
8940e35653bffff,False,0.0,1.0,5.0,6.0,18.28532207401429,10.843069398973178,18.28532207401429,False,0.13825150682557813
8940e356563ffff,False,0.0,1.0,8.0,9.0,14.138792344725465,8.507412238988042,14.138792344725465,False,0.10401476599956966
8940e356567ffff,False,0.0,1.0,7.0,8.0,4.055387765448511,5.294707804970128,4.055387765448511,True,0.10256189104120034
8940e356573ffff,False,0.0,1.0,2.0,3.0,12.121861484984212,7.313662359566876,12.121861484984212,False,0.15332033716863586
8940e356577ffff,False,0.0,1.0,4.0,5.0,12.74674072036894,7.346211227454241,12.74674072036894,False,0.1261507711760988
8940e356583ffff,False,0.0,0.0,1.0,1.0,1.329465864472161,1.0723207067693656,1.329465864472161,False,0.003595764573844697
8940e356587ffff,False,0.0,1.0,3.0,4.0,7.537768564801778,5.721498685235116,7.537768564801778,False,0.1385012362516294
8940e35658bffff,False,0.0,1.0,0.0,1.0,0.0,0.1667247683443261,0.0,True,0.03334495366886531
8940e35658fffff,False,0.0,0.0,2.0,2.0,5.069566208478906,3.984103174993593,5.069566208478906,False,0.016483905990508217
8940e356593ffff,True,0.0,0.0,0.0,0.0,0.0,0.0,0.0,False,0.0
8940e356597ffff,False,0.0,0.0,3.0,3.0,1.7796360641335351,1.3837741240557109,1.7796360641335351,False,0.0028595019129983527
8940e3565a3ffff,True,0.0,0.0,0.0,0.0,0.0,0.0,0.0,False,0.0
8940e3565a7ffff,True,0.0,0.0,0.0,0.0,2.4325204674974787,1.5764480986081668,2.4325204674974787,False,0.0
8940e3565abffff,False,0.0,1.0,2.0,3.0,7.024855954048947,5.426570302314633,7.024855954048947,False,0.15308647151029203
8940e3565afffff,False,0.0,0.0,3.0,3.0,8.217094740423379,5.729204820140704,8.217094740423379,False,0.024457482685395493
8940e3565b3ffff,True,0.0,0.0,0.0,0.0,0.7437364778102502,0.4427228805928939,0.7437364778102502,False,0.0
8940e3565b7ffff,False,0.0,0.0,2.0,2.0,0.606820174645269,0.7094152019021276,0.606820174645269,True,0.0008844868165456266
8940e3565bbffff,False,0.0,1.0,2.0,3.0,9.155864827836195,6.998517561339148,9.155864827836195,False,0.16551016407342606
8940e356803ffff,True,0.0,0.0,0.0,0.0,0.2316593557372227,0.3661326825058761,0.2316593557372227,True,0.0
8940e35680bffff,False,0.0,0.0,1.0,1.0,3.1437083629740417,2.472700582725976,3.1437083629740417,False,0.01053889686898046
8940e35680fffff,True,0.0,0.0,0.0,0.0,0.0,0.0,0.0,False,0.0
8940e356813ffff,False,0.0,0.0,1.0,1.0,3.603580201038596,2.9961190217583407,3.603580201038596,False,0.012588729638639884
8940e35681bffff,False,0.0,0.0,7.0,7.0,4.134445453365974,5.797219745824014,4.134445453365974,True,0.012474321948185166
8940e356843ffff,False,0.0,0.0,1.0,1.0,0.7122921748185443,0.7323805970622131,0.7122921748185443,True,0.0017493892834473503
8940e356847ffff,False,0.0,0.0,3.0,3.0,0.4911701383084464,0.9464932470968136,0.4911701383084464,True,0.0006982362111595366
8940e35684bffff,False,0.0,0.0,2.0,2.0,1.0909026164120428,0.9706214161679064,1.0909026164120428,False,0.0019025661012197943
8940e35684fffff,False,0.0,0.0,1.0,1.0,0.0,0.2511880701052233,0.0,True,2.7755575615628915e-18
8940e356853ffff,False,0.0,0.0,4.0,4.0,4.77721944388693,4.566779683867504,4.77721944388693,False,0.01461382356904338
8940e356857ffff,True,0.0,0.0,0.0,0.0,0.0,0.0,0.0,False,0.0
8940e35685bffff,False,0.0,0.0,7.0,7.0,7.169943274793995,5.45935078223947,7.169943274793995,False,0.015996360316789277
8940e356863ffff,False,0.0,0.0,1.0,1.0,0.3129051316470404,0.3077033521798857,0.3129051316470404,False,0.00038977355192088307
8940e35686bffff,False,0.0,0.0,3.0,3.0,1.5913557159884153,1.5200147952065313,1.5913557159884153,False,0.002932225847183296
8940e35686fffff,True,0.0,0.0,0.0,0.0,0.0,0.0,0.0,False,0.0
8940e356873ffff,False,0.0,0.0,4.0,4.0,7.15850818897487,5.261381758024977,7.15850818897487,False,0.01989914129312778
8940e35687bffff,False,0.0,0.0,1.0,1.0,0.2206932721555468,0.2449122400019531,0.2206932721555468,True,0.00023023264590317505
8940e356883ffff,False,0.0,0.0,20.0,20.0,22.840072674707702,28.422215186579823,22.840072674707702,True,0.08879090006383389
8940e35688bffff,False,0.0,1.0,0.0,1.0,0.0,0.4917214794132349,0.0,True,0.09834429588264704
8940e35688fffff,False,0.0,0.0,1.0,1.0,1.812515501903868,1.8245111619984848,1.812515501903868,True,0.006754350366121098
8940e356893ffff,False,0.0,0.0,3.0,3.0,1.2235802101627875,1.4413766047482894,1.2235802101627875,True,0.0023014669001572563
8940e35689bffff,False,0.0,0.0,26.0,26.0,18.25806797578536,22.013941804076172,18.25806797578536,True,0.05269357404749814
8940e3568c3ffff,False,0.0,0.0,5.0,5.0,5.312297005430607,3.926451507711384,5.312297005430607,False,0.011723782245516859
8940e3568c7ffff,False,0.0,1.0,15.0,16.0,9.211256132439818,9.69680581456258,9.211256132439818,True,0.09191902028286308
8940e3568cbffff,False,0.0,0.0,2.0,2.0,6.734137962835287,4.437610808738049,6.734137962835287,False,0.019785161637000996
8940e3568cfffff,False,0.0,0.0,2.0,2.0,4.777348323462074,3.064020321757454,4.777348323462074,False,0.012743173279657814
8940e3568d3ffff,False,0.0,1.0,6.0,7.0,3.980479010876196,3.577880466362506,3.980479010876196,False,0.07832546751600483
8940e3568d7ffff,False,0.0,3.0,16.0,19.0,18.16883987431836,15.281059838575596,18.16883987431836,False,0.3162142127954106
8940e3568dbffff,False,0.0,0.0,13.0,13.0,12.457632982861618,12.513443060773586,12.457632982861618,True,0.03580148950461347
8940e356927ffff,True,0.0,0.0,0.0,0.0,0.0,0.0,0.0,False,0.0
8940e35692fffff,True,0.0,0.0,0.0,0.0,0.2639921474986934,0.0,0.2639921474986934,False,0.0
8940e35696fffff,True,0.0,0.0,0.0,0.0,0.3231432702887549,0.0,0.3231432702887549,False,0.0
8940e356a03ffff,False,0.0,0.0,4.0,4.0,0.9538414786904876,1.1097680134404504,0.9538414786904876,True,0.0011206197753960145
8940e356a07ffff,True,0.0,0.0,0.0,0.0,0.0,0.0,0.0,False,0.0
8940e356a0bffff,False,0.0,0.0,1.0,1.0,0.2255657973737668,0.46984545199874,0.2255657973737668,True,0.0004711303881099445
8940e356a0fffff,False,0.0,0.0,12.0,12.0,1.050619788503882,5.318752101827454,1.050619788503882,True,0.002300266028585308
8940e356a13ffff,False,0.0,1.0,3.0,4.0,1.567045390776563,1.551520304616468,1.567045390776563,False,0.06419933903781444
8940e356a17ffff,True,0.0,0.0,0.0,0.0,0.0,0.0,0.0,False,0.0
8940e356a1bffff,False,0.0,0.0,1.0,1.0,0.3506216270157573,0.641341816842851,0.3506216270157573,True,0.000940681063900245
8940e356a23ffff,False,0.0,0.0,5.0,5.0,0.7165535834696783,1.1066643683152633,0.7165535834696783,True,0.000710488875413251
8940e356a27ffff,True,0.0,0.0,0.0,0.0,0.5107894613451207,0.1505966754476194,0.5107894613451207,False,0.0
8940e356a2bffff,False,0.0,0.0,8.0,8.0,0.8967441825575707,2.8618309838949894,0.8967441825575707,True,0.0015194842875619896
8940e356a2fffff,False,0.0,0.0,2.0,2.0,0.0,0.3504115646405982,0.0,True,2.220446049250313e-16
8940e356a33ffff,False,0.0,0.0,8.0,8.0,0.8512641414818906,1.5802439069645058,0.8512641414818906,True,0.00077002842108247
8940e356a3bffff,True,0.0,0.0,0.0,0.0,0.0,0.0,0.0,False,0.0
8940e356a43ffff,False,0.0,0.0,1.0,1.0,0.5092441138117704,0.7063343529109869,0.5092441138117704,True,0.0013614787981677118
8940e356a47ffff,False,0.0,0.0,1.0,1.0,0.1873394249872698,0.319288086874235,0.1873394249872698,True,0.00026503218101736354
8940e356a4bffff,True,0.0,0.0,0.0,0.0,0.1860053244754122,0.0,0.1860053244754122,False,0.0
8940e356a4fffff,False,0.0,0.0,5.0,5.0,1.9439317609414104,2.5649677789886143,1.9439317609414104,True,0.003974862615886244
8940e356a57ffff,False,0.0,0.0,2.0,2.0,0.6558241608328579,1.1767161134324031,0.6558241608328579,True,0.001626039823900017
8940e356a5bffff,False,0.0,1.0,0.0,1.0,0.616765284961481,0.5828624485164192,0.616765284961481,False,0.08725625759074379
8940e356a63ffff,True,0.0,0.0,0.0,0.0,1.07884793705859,0.6749646746308053,1.07884793705859,False,0.0
8940e356a67ffff,True,0.0,0.0,0.0,0.0,0.1819922313420334,0.0,0.1819922313420334,False,0.0
8940e356a6bffff,False,0.0,0.0,1.0,1.0,0.6160932797295068,0.7935572011707424,0.6160932797295068,True,0.0017465735239308548
8940e356a6fffff,False,0.0,0.0,2.0,2.0,0.5484656656954117,0.9973853113842712,0.5484656656954117,True,0.0011791148426596454
8940e356a73ffff,True,0.0,0.0,0.0,0.0,0.3548407011604702,0.0,0.3548407011604702,False,0.0
8940e356a77ffff,False,0.0,0.0,5.0,5.0,0.7572413401752485,1.6082936972410355,0.7572413401752485,True,0.0011092851559725836
8940e356a7bffff,True,0.0,0.0,0.0,0.0,0.302366320124509,0.0,0.302366320124509,False,0.0
8940e356a83ffff,True,0.0,0.0,0.0,0.0,0.0,0.0,0.0,False,0.0
8940e356a87ffff,False,0.0,0.0,3.0,3.0,7.594960511523935,4.468964834843376,7.594960511523935,False,0.01895433149506614
8940e356a8bffff,False,0.0,0.0,5.0,5.0,1.1262296694600595,1.3130470791544644,1.1262296694600595,True,0.0012602887370048565
8940e356a8fffff,True,0.0,0.0,0.0,0.0,0.451671360071901,0.1875997157381959,0.451671360071901,False,0.0
8940e356a93ffff,False,0.0,0.0,2.0,2.0,4.459862100238115,3.266071848702043,4.459862100238115,False,0.013228131033862424
8940e356a97ffff,False,0.0,0.0,97.0,97.0,4.565283197208782,4.893165736793174,4.565283197208782,True,0.001064566836995344
8940e356a9bffff,False,0.0,0.0,1.0,1.0,0.4130182816570145,0.5996781334747622,0.4130182816570145,True,0.0009846765526786124
8940e356aa3ffff,False,0.0,0.0,4.0,4.0,5.93603110107115,3.89242507856395,5.93603110107115,False,0.013653556409106392
8940e356aa7ffff,False,0.0,0.0,1.0,1.0,2.1782685395644257,1.575865481977492,2.1782685395644257,False,0.006346976847755897
8940e356aabffff,False,0.0,1.0,6.0,7.0,11.118465234813272,8.892603689134736,11.118465234813272,False,0.13362897600013995
8940e356aafffff,False,0.0,0.0,4.0,4.0,1.946594879948193,2.189356928918936,1.946594879948193,True,0.004004032790041346
8940e356ab3ffff,False,0.0,0.0,6.0,6.0,2.626475068473284,2.1914317950356828,2.626475068473284,False,0.0036184272355666465
8940e356ab7ffff,True,0.0,0.0,0.0,0.0,0.4366961989071738,0.1860296538004454,0.4366961989071738,False,0.0
8940e356abbffff,False,0.0,1.0,9.0,10.0,12.464989452322596,8.604694593541772,12.464989452322596,False,0.10339144506554093
8940e356ac3ffff,True,0.0,0.0,0.0,0.0,0.0,0.0,0.0,False,0.0
8940e356ac7ffff,True,0.0,0.0,0.0,0.0,1.512975069078968,1.1511104616870784,1.512975069078968,False,0.0
8940e356acbffff,False,0.0,0.0,1.0,1.0,1.3518875807397657,1.9014188105622247,1.3518875807397657,True,0.00605138286255463
8940e356acfffff,False,0.0,0.0,5.0,5.0,1.7071340468885945,2.7485019270293205,1.7071340468885945,True,0.003889470018229802
8940e356ad3ffff,True,0.0,0.0,0.0,0.0,0.1927818894156543,0.0,0.1927818894156543,False,0.0
8940e356ad7ffff,False,0.0,0.0,1.0,1.0,0.6626339234119691,0.8315445090068363,0.6626339234119691,True,0.0019204380928412312
8940e356adbffff,True,0.0,0.0,0.0,0.0,1.0789722383225278,0.5050577222270836,1.0789722383225278,False,0.0
8940e356b23ffff,False,0.0,0.0,6.0,6.0,12.349247561641157,10.027758851315228,12.349247561641157,False,0.03942068329186428
8940e356b27ffff,False,0.0,0.0,4.0,4.0,3.7335048740250176,3.1644855852327933,3.7335048740250176,False,0.008840914020240277
8940e356b2bffff,False,1.0,1.0,7.0,8.0,7.169960404352861,6.203872319887372,7.169960404352861,False,0.1070579803348568
8940e356b2fffff,False,0.0,2.0,8.0,10.0,7.977921259074837,8.202083283662317,7.977921259074837,True,0.22550021530808595
8940e356b33ffff,True,0.0,0.0,0.0,0.0,0.0,0.0,0.0,False,0.0
8940e356b37ffff,False,0.0,0.0,11.0,11.0,22.731509945927247,27.219629442999405,22.731509945927247,True,0.09463314810331896
8940e356b3bffff,False,0.0,0.0,1.0,1.0,1.1882146019080215,0.9430046391008616,1.1882146019080215,False,0.0029948534194933884
8940e356b4bffff,True,0.0,0.0,0.0,0.0,0.6339830119485942,0.2760713207407918,0.6339830119485942,False,0.0
8940e356b53ffff,False,0.0,0.0,4.0,4.0,0.9188691122636886,1.4102622208495237,0.9188691122636886,True,0.001401368928251323
8940e356b5bffff,False,0.0,0.0,1.0,1.0,0.1996988863737916,0.3127265062145833,0.1996988863737916,True,0.00027382980090992774
8940e356b63ffff,False,0.0,0.0,4.0,4.0,1.158144884222135,1.4418859505584358,1.158144884222135,True,0.001733793531797024
8940e356b67ffff,False,0.0,1.0,8.0,9.0,10.197805864821651,10.020479119609153,10.197805864821651,False,0.13359599765927826
8940e356b6bffff,False,0.0,0.0,5.0,5.0,9.18678546528653,7.667360547322683,9.18678546528653,False,0.029110190926974353
8940e356b6fffff,False,0.0,1.0,18.0,19.0,21.68208621355078,19.18367418673424,21.68208621355078,False,0.12604647682123682
8940e356b77ffff,True,0.0,0.0,0.0,0.0,0.9727688417634132,0.6128046042357562,0.9727688417634132,False,0.0
8940e356b7bffff,True,0.0,0.0,0.0,0.0,0.5824968664903022,0.137927328759598,0.5824968664903022,False,0.0
8940e356bc3ffff,False,0.0,0.0,1.0,1.0,3.3588118548034926,2.972583144741203,3.3588118548034926,False,0.012126424672250377
8940e356bcbffff,False,0.0,0.0,4.0,4.0,4.525889409810764,3.0188832514209505,4.525889409810764,False,0.009283937352030501
8940e356bd3ffff,False,0.0,0.0,1.0,1.0,0.76723090613137,0.7466328263958788,0.76723090613137,False,0.001865117252873483
8940e356bdbffff,False,0.0,0.0,2.0,2.0,3.6791171714120767,4.328524742480578,3.6791171714120767,True,0.015298078459550647
8940e356c03ffff,True,0.0,0.0,0.0,0.0,0.0,0.0,0.0,False,0.0
8940e356c07ffff,True,0.0,0.0,0.0,0.0,0.0,0.0,0.0,False,0.0
8940e356c0bffff,True,0.0,0.0,0.0,0.0,0.0,0.0,0.0,False,0.0
8940e356c0fffff,True,0.0,0.0,0.0,0.0,0.0,0.0,0.0,False,0.0
8940e356c13ffff,True,0.0,0.0,0.0,0.0,0.2707172027812017,0.0,0.2707172027812017,False,0.0
8940e356c1bffff,False,0.0,0.0,2.0,2.0,2.324372123656382,1.15074185438667,2.324372123656382,False,0.003548233274044049
8940e356c2bffff,False,0.0,0.0,2.0,2.0,3.4432890650928427,2.003368420429104,3.4432890650928427,False,0.007465128029998665
8940e356c3bffff,False,0.0,0.0,1.0,1.0,2.6234268008745705,1.4992352142208405,2.6234268008745705,False,0.006427074252815829
8940e356c43ffff,False,0.0,0.0,1.0,1.0,0.2941621206583236,0.2822376629862739,0.2941621206583236,False,0.0003387579327259111
8940e356c4bffff,True,0.0,0.0,0.0,0.0,0.0,0.0,0.0,False,0.0
8940e356c4fffff,False,0.0,0.0,5.0,5.0,6.121302312782968,5.094124691077128,6.121302312782968,False,0.016443684735123636
8940e356c53ffff,False,0.0,1.0,2.0,3.0,0.0,0.5069079241891555,0.0,True,0.033793861612610165
8940e356c5bffff,True,0.0,0.0,0.0,0.0,0.2653556904279517,0.0,0.2653556904279517,False,0.0
8940e356c63ffff,False,0.0,1.0,4.0,5.0,5.290766751349472,4.127681213616868,5.290766751349472,False,0.10478852661091748
8940e356c67ffff,False,0.0,1.0,9.0,10.0,17.293924218003692,12.338845793805625,17.293924218003692,False,0.1265855693471732
8940e356c6bffff,False,0.0,0.0,2.0,2.0,1.5015718606786996,1.4466135462116434,1.5015718606786996,False,0.0035611097279027847
8940e356c6fffff,False,1.0,0.0,9.0,9.0,7.921313433137697,7.959631712979901,7.921313433137697,True,0.022951464260847487
8940e356c73ffff,False,0.0,0.0,3.0,3.0,1.3003168861833962,1.3172598061166871,1.3003168861833962,True,0.002184203200333407
8940e356c77ffff,False,0.0,2.0,9.0,11.0,11.319265683369512,8.707295234504207,11.319265683369512,False,0.20338958181349087
8940e356c7bffff,False,0.0,0.0,4.0,4.0,14.285896188086491,9.951839062249263,14.285896188086491,False,0.04424916349479724
8940e356c83ffff,False,0.0,4.0,4.0,8.0,11.156204068345872,10.296179744043808,11.156204068345872,False,0.5643897712409871
8940e356c87ffff,True,0.0,0.0,0.0,0.0,0.0,0.0,0.0,False,0.0
8940e356c8bffff,False,0.0,0.0,1.0,1.0,0.5904063381078333,0.8710234475348455,0.5904063381078333,True,0.0018820561653238302
8940e356c8fffff,False,0.0,0.0,3.0,3.0,3.1579272447185143,2.237070956693332,3.1579272447185143,False,0.006632675777794684
8940e356c93ffff,False,0.0,0.0,5.0,5.0,0.5785035146959372,0.9955086525121742,0.5785035146959372,True,0.0005239991965109055
8940e356c9bffff,False,0.0,0.0,1.0,1.0,2.201161124987795,1.436797306299682,2.201161124987795,False,0.005832930419502651
8940e356cabffff,True,0.0,0.0,0.0,0.0,0.0,0.0,0.0,False,0.0
8940e356cbbffff,False,0.0,1.0,0.0,1.0,0.1925531515384136,0.1815699711669723,0.1925531515384136,False,0.03304283843660044
8940e356cc3ffff,False,0.0,2.0,12.0,14.0,12.33953227941192,11.7350469216878,12.33953227941192,False,0.22393761343396046
8940e356cc7ffff,False,0.0,1.0,2.0,3.0,10.119595065563436,6.800679329902701,10.119595065563436,False,0.156537641319124
8940e356ccbffff,False,0.0,0.0,3.0,3.0,6.6805676808486245,6.814468587686806,6.6805676808486245,True,0.02591055952986522
8940e356ccfffff,True,0.0,0.0,0.0,0.0,0.3007727537004042,0.1842973714234767,0.3007727537004042,False,0.0
8940e356cd3ffff,False,0.0,1.0,1.0,2.0,3.4196377110164264,2.385547256199759,3.4196377110164264,False,0.12353128495078353
8940e356cd7ffff,False,0.0,0.0,4.0,4.0,11.139790929928145,8.61685659371609,11.139790929928145,False,0.03632477060228685
8940e356cdbffff,False,0.0,2.0,16.0,18.0,12.14745916427059,13.730206309052356,12.14745916427059,True,0.21998615976167957
8940e356e0bffff,False,0.0,0.0,1.0,1.0,5.878837429461319,3.821610571779477,5.878837429461319,False,0.01774984989805406
8940e356e0fffff,True,0.0,0.0,0.0,0.0,1.6810828603095025,0.7479888039414516,1.6810828603095025,False,0.0
8940e356e1bffff,True,0.0,0.0,0.0,0.0,0.1944782640320393,0.0,0.1944782640320393,False,0.0
8940e356e23ffff,False,0.0,2.0,23.0,25.0,24.035716339412197,21.241861113435174,24.035716339412197,False,0.22124744513076922
8940e356e27ffff,False,0.0,0.0,11.0,11.0,15.232119510642327,13.087898947214663,15.232119510642327,False,0.044721698000873444
8940e356e2bffff,False,0.0,1.0,13.0,14.0,16.83073764232232,14.201219114876288,16.83073764232232,False,0.12105594518339374
8940e356e2fffff,False,0.0,2.0,14.0,16.0,16.56464812679636,13.676517028954157,16.56464812679636,False,0.21770158251453753
8940e356e33ffff,False,0.0,0.0,5.0,5.0,6.402162322050322,4.84946517134637,6.402162322050322,False,0.015952733738790498
8940e356e37ffff,False,0.0,1.0,17.0,18.0,21.05099770268628,15.883216702485909,21.05099770268628,False,0.1101402523093663
8940e356e3bffff,False,0.0,1.0,14.0,15.0,29.98349430674881,29.2870242180145,29.98349430674881,False,0.1791535626453269
8940e356e43ffff,False,0.0,1.0,6.0,7.0,7.94408428183263,6.942906104326563,7.94408428183263,False,0.12085423924700739
8940e356e47ffff,False,0.0,0.0,1.0,1.0,0.2599628900123229,0.2480038457815305,0.2599628900123229,False,0.00026746763061318013
8940e356e4bffff,False,0.0,1.0,0.0,1.0,3.00166322534189,2.0759164801151853,3.00166322534189,False,0.15399150211200247
8940e356e4fffff,True,0.0,0.0,0.0,0.0,0.9172499982462378,0.3806085370957149,0.9172499982462378,False,0.0
8940e356e53ffff,True,0.0,0.0,0.0,0.0,0.0,0.0,0.0,False,0.0
8940e356e57ffff,False,0.0,1.0,4.0,5.0,1.8513164179566155,1.8207453438331151,1.8513164179566155,False,0.060888325592774184
8940e356e5bffff,True,0.0,0.0,0.0,0.0,0.0,0.0,0.0,False,0.0
8940e356e63ffff,False,0.0,1.0,6.0,7.0,12.23258632797228,8.499818417010585,12.23258632797228,False,0.12442600251258079
8940e356e67ffff,False,0.0,0.0,1.0,1.0,3.542828449537565,2.386327077271744,3.542828449537565,False,0.010672918062774945
8940e356e6bffff,False,0.0,0.0,7.0,7.0,5.2659903114415245,5.321944854708052,5.2659903114415245,True,0.01315996870474926
8940e356e6fffff,False,0.0,0.0,2.0,2.0,0.7490115178952023,0.834097387835996,0.7490115178952023,True,0.0012372186937170855
8940e356e73ffff,False,0.0,1.0,3.0,4.0,18.78246737571568,15.351958055893734,18.78246737571568,False,0.1874856967640282
8940e356e77ffff,False,0.0,0.0,12.0,12.0,16.710925158940483,13.17199117798845,16.710925158940483,False,0.04508129762415365
8940e356e7bffff,False,0.0,1.0,1.0,2.0,7.96223732941593,6.534569161291981,7.96223732941593,False,0.18301235079130934
8940e356e8bffff,False,0.0,0.0,4.0,4.0,1.1215591096264423,1.8490493505865744,1.1215591096264423,True,0.00220938308357912
8940e356e93ffff,False,0.0,0.0,4.0,4.0,0.2165944269239325,0.5120323950899265,0.2165944269239325,True,0.00012990316408291198
8940e356e9bffff,True,0.0,0.0,0.0,0.0,0.0,0.0,0.0,False,0.0
8940e356ea7ffff,True,0.0,0.0,0.0,0.0,0.0,0.0,0.0,False,0.0
8940e356eafffff,True,0.0,0.0,0.0,0.0,0.3432324524822975,0.0,0.3432324524822975,False,0.0
8940e356eb3ffff,True,0.0,0.0,0.0,0.0,0.0,0.0,0.0,False,0.0
8940e356eb7ffff,True,0.0,0.0,0.0,0.0,0.0,0.0,0.0,False,0.0
8940e356ec3ffff,True,0.0,0.0,0.0,0.0,0.0,0.0,0.0,False,0.0
8940e356ec7ffff,False,0.0,0.0,2.0,2.0,2.3845494980209865,2.1992625342273744,2.3845494980209865,False,0.00702728022568835
8940e356ecfffff,True,0.0,0.0,87.0,87.0,0.0,0.0,0.0,False,0.0
8940e3ccb27ffff,True,0.0,0.0,0.0,0.0,0.3047229001518708,0.0,0.3047229001518708,False,0.0
8940e3ccb2fffff,False,0.0,0.0,3.0,3.0,1.1025651487729484,1.1268432142588798,1.1025651487729484,True,0.001636402300006723
