h3,removed,n_low,n_soon,n_normal,rho,lam,N0,swappable_now
8940e3086c3ffff,False,0.0,1.0,8.0,1.3128006240575252,2.2664306299624744,9.0,1.0
8940e3086d3ffff,False,0.0,0.0,4.0,2.7678663628657136,3.4956384231905453,4.0,0.0
8940e3086d7ffff,True,0.0,0.0,0.0,0.0,0.0,0.0,0.0
8940e3086dbffff,True,0.0,0.0,0.0,0.0,0.0,0.0,0.0
8940e309453ffff,True,0.0,0.0,0.0,0.0,0.0,0.0,0.0
8940e30948bffff,True,0.0,0.0,0.0,0.0,0.0,0.0,0.0
8940e309493ffff,True,0.0,0.0,1.0,0.0,0.1888039115198246,1.0,0.0
8940e30949bffff,False,0.0,0.0,1.0,1.5230417496900812,1.5129977660125504,1.0,0.0
8940e3094c3ffff,False,0.0,2.0,8.0,1.3657402131303544,1.6715234648675708,10.0,2.0
8940e3094cbffff,False,0.0,1.0,2.0,2.716212105915436,2.083265551476788,3.0,1.0
8940e3094cfffff,True,0.0,0.0,0.0,0.0,0.0,0.0,0.0
8940e3094d3ffff,True,0.0,0.0,0.0,0.0,0.0,0.0,0.0
8940e3094d7ffff,False,0.0,4.0,7.0,2.073529007079054,3.5034776078289718,11.0,4.0
8940e3094dbffff,False,0.0,0.0,1.0,0.0,0.1566043996111056,1.0,0.0
8940e309693ffff,True,0.0,0.0,0.0,0.4440324757838694,0.0,0.0,0.0
8940e30969bffff,True,0.0,0.0,0.0,0.0,0.0,0.0,0.0
8940e30b003ffff,False,0.0,0.0,7.0,0.5251321335170748,1.0317385268877233,7.0,0.0
8940e30b007ffff,False,0.0,0.0,2.0,0.3077887055018651,0.6342194375000039,2.0,0.0
8940e30b00bffff,False,0.0,0.0,5.0,0.4754359133422714,2.312286269375634,5.0,0.0
8940e30b00fffff,False,0.0,0.0,4.0,1.413436178519126,1.4737910482020498,4.0,0.0
8940e30b013ffff,False,0.0,0.0,3.0,0.2925380849755381,0.9080560696316408,3.0,0.0
8940e30b017ffff,False,0.0,0.0,5.0,3.7904988020938166,2.701105117047553,5.0,0.0
8940e30b01bffff,False,0.0,0.0,5.0,4.40250166454524,4.460034031286539,5.0,0.0
8940e30b033ffff,False,1.0,1.0,4.0,3.596545259160051,4.475234943201845,5.0,2.0
8940e30b037ffff,False,0.0,0.0,1.0,0.9188112217724465,0.7161618940415763,1.0,0.0
8940e30b03bffff,False,0.0,0.0,2.0,0.9984802928325254,1.1477669069946226,2.0,0.0
8940e30b043ffff,True,0.0,0.0,0.0,0.346439939490694,0.1464326506840901,0.0,0.0
8940e30b047ffff,True,0.0,0.0,0.0,0.0,0.0,0.0,0.0
8940e30b04bffff,False,0.0,0.0,2.0,4.348598980267288,3.081671570286967,2.0,0.0
8940e30b04fffff,True,0.0,0.0,0.0,0.6274827193737087,0.2720045731263152,0.0,0.0
8940e30b053ffff,False,0.0,0.0,4.0,1.0025958844885223,0.810701608780336,4.0,0.0
8940e30b057ffff,False,0.0,0.0,2.0,0.2868277203274663,0.7548791378983738,2.0,0.0
8940e30b05bffff,False,0.0,1.0,6.0,4.492725170756973,4.0135432187727655,7.0,1.0
8940e30b06bffff,False,0.0,0.0,1.0,0.2008200281424722,0.2176713270128799,1.0,0.0
8940e30b073ffff,False,0.0,0.0,1.0,0.8639857934393913,1.2840572461729545,1.0,0.0
8940e30b077ffff,True,0.0,0.0,0.0,0.0,0.0,0.0,0.0
8940e30b07bffff,False,1.0,1.0,4.0,0.9042440562450704,1.4703924066164742,5.0,2.0
8940e30b08fffff,True,0.0,0.0,0.0,0.0,0.0,0.0,0.0
8940e30b0a3ffff,False,0.0,0.0,7.0,6.490778274431973,6.509703528756022,7.0,0.0
8940e30b0a7ffff,False,0.0,1.0,1.0,6.4358320717507205,3.4339411969578184,2.0,1.0
8940e30b0abffff,False,0.0,0.0,7.0,4.796033385429755,5.568302864720339,7.0,0.0
8940e30b0afffff,False,0.0,0.0,13.0,7.450273146341868,6.993159136930046,13.0,0.0
8940e30b0b3ffff,False,0.0,0.0,2.0,1.1760875472193857,1.1394041483792616,2.0,0.0
8940e30b0b7ffff,False,0.0,1.0,3.0,1.7392826734774,1.7988273821390917,4.0,1.0
8940e30b0bbffff,False,0.0,1.0,23.0,5.534098079050258,11.580688735151124,24.0,1.0
8940e30b0c3ffff,False,0.0,1.0,0.0,0.8190297600826304,0.8416003456337173,1.0,1.0
8940e30b0c7ffff,False,0.0,0.0,1.0,0.2358516842705594,0.4279481596855803,1.0,0.0
8940e30b0cbffff,False,0.0,0.0,3.0,2.0135113074619926,1.7716926796872643,3.0,0.0
8940e30b0cfffff,False,0.0,0.0,1.0,0.2384925666096279,0.4212937747708452,1.0,0.0
8940e30b0d3ffff,True,0.0,0.0,0.0,0.3380712559022493,0.2096113681463482,0.0,0.0
8940e30b0d7ffff,True,0.0,0.0,0.0,0.0,0.0,0.0,0.0
8940e30b0dbffff,False,0.0,0.0,4.0,0.4315315224683004,0.8800199964544078,4.0,0.0
8940e30b103ffff,False,0.0,0.0,2.0,0.6386507639535431,1.1167557176561331,2.0,0.0
8940e30b10bffff,False,0.0,0.0,1.0,0.0,0.1691616604637359,1.0,0.0
8940e30b10fffff,True,0.0,0.0,0.0,0.0,0.0,0.0,0.0
8940e30b113ffff,True,0.0,0.0,0.0,0.2990036100036577,0.1838234527006998,0.0,0.0
8940e30b11bffff,False,0.0,0.0,11.0,1.5512332205375874,4.658185982950823,11.0,0.0
8940e30b12bffff,False,0.0,1.0,1.0,0.0,0.4106845879338222,2.0,1.0
8940e30b13bffff,True,0.0,0.0,0.0,0.0,0.0,0.0,0.0
8940e30b143ffff,True,0.0,0.0,0.0,0.0,0.0,0.0,0.0
8940e30b147ffff,True,0.0,0.0,0.0,0.2341163415147534,0.0,0.0,0.0
8940e30b14fffff,True,0.0,0.0,0.0,0.0,0.0,0.0,0.0
8940e30b157ffff,False,0.0,1.0,0.0,0.6053464915749182,0.6591459748957658,1.0,1.0
8940e30b163ffff,True,0.0,0.0,0.0,0.0,0.0,0.0,0.0
8940e30b16fffff,True,0.0,0.0,0.0,0.0,0.0,0.0,0.0
8940e30b173ffff,True,0.0,0.0,0.0,0.0,0.0,0.0,0.0
8940e30b17bffff,True,0.0,0.0,0.0,2.281680628971856,1.5750788261837758,0.0,0.0
8940e30b183ffff,True,0.0,0.0,0.0,0.0,0.0,0.0,0.0
8940e30b18bffff,True,0.0,0.0,0.0,0.2003174226757313,0.0,0.0,0.0
8940e30b193ffff,False,0.0,0.0,1.0,1.5820968914142564,1.3759488316434692,1.0,0.0
8940e30b19bffff,True,0.0,0.0,0.0,0.9020695243656286,0.5952252308466275,0.0,0.0
8940e30b1c3ffff,False,0.0,0.0,1.0,1.3972188164621928,1.1934117732131395,1.0,0.0
8940e30b1c7ffff,True,0.0,0.0,0.0,0.2200257487539099,0.1628625044018955,0.0,0.0
8940e30b1cfffff,False,0.0,1.0,2.0,0.2771587280166616,0.9135852101062292,3.0,1.0
8940e30b1d3ffff,False,0.0,0.0,1.0,3.593414600707107,2.437045694601044,1.0,0.0
8940e30b1d7ffff,False,0.0,0.0,1.0,3.07768820284352,2.363898551328784,1.0,0.0
8940e30b1dbffff,False,0.0,0.0,3.0,1.1939730490104252,1.1068013746205656,3.0,0.0
8940e30b203ffff,True,0.0,0.0,0.0,0.0,0.0,0.0,0.0
8940e30b207ffff,False,0.0,0.0,2.0,2.027858176471937,1.166527076665938,2.0,0.0
8940e30b20fffff,True,0.0,0.0,0.0,0.0,0.0,0.0,0.0
8940e30b213ffff,False,0.0,2.0,5.0,1.9450665228742197,2.9153335477310423,7.0,2.0
8940e30b217ffff,False,0.0,1.0,7.0,4.952496100850972,3.6726109869016974,8.0,1.0
8940e30b21bffff,True,0.0,0.0,0.0,0.0,0.0,0.0,0.0
8940e30b223ffff,True,0.0,0.0,0.0,0.0,0.0,0.0,0.0
8940e30b22bffff,False,0.0,1.0,8.0,5.135864286383037,6.176390877161969,9.0,1.0
8940e30b233ffff,False,0.0,0.0,2.0,0.7004294781537361,0.9464698337324567,2.0,0.0
8940e30b23bffff,False,0.0,0.0,3.0,1.4624851254154536,1.3487992091562242,3.0,0.0
8940e30b243ffff,False,0.0,2.0,5.0,7.870188698782142,7.831989213130676,7.0,2.0
8940e30b247ffff,False,0.0,0.0,3.0,2.402008171372771,2.594213735820366,3.0,0.0
8940e30b24bffff,False,0.0,0.0,20.0,11.76387559814393,10.641843376363305,20.0,0.0
8940e30b24fffff,False,0.0,1.0,22.0,9.365945114423283,10.607360137090083,23.0,1.0
8940e30b253ffff,False,0.0,0.0,4.0,5.693387014833497,5.222766389188666,4.0,0.0
8940e30b257ffff,False,0.0,2.0,7.0,18.592179869464967,17.87536406428587,9.0,2.0
8940e30b25bffff,False,0.0,4.0,11.0,12.788226140599669,12.938372461964956,15.0,4.0
8940e30b263ffff,False,0.0,0.0,1.0,2.5189335299966964,2.419864681876008,1.0,0.0
8940e30b267ffff,False,0.0,0.0,5.0,6.567173977715432,5.981402280419359,5.0,0.0
8940e30b26fffff,True,0.0,0.0,0.0,0.0,0.0,0.0,0.0
8940e30b273ffff,True,0.0,0.0,0.0,0.1985012704658266,0.0,0.0,0.0
8940e30b277ffff,False,0.0,0.0,1.0,8.300427503028668,5.722776917375495,1.0,0.0
8940e30b27bffff,False,0.0,0.0,5.0,1.8258289129190624,1.7280109500809702,5.0,0.0
8940e30b283ffff,False,0.0,0.0,2.0,2.9594583884375223,2.2282271362298536,2.0,0.0
8940e30b287ffff,False,0.0,1.0,3.0,3.0665320967381766,2.0428828918636213,4.0,1.0
8940e30b28bffff,False,0.0,1.0,9.0,1.9369291650577307,2.956854295213891,10.0,1.0
8940e30b28fffff,False,0.0,0.0,4.0,5.044991470736992,4.734695073755479,4.0,0.0
8940e30b293ffff,False,0.0,3.0,9.0,13.601808043974389,12.1087898554222,12.0,3.0
8940e30b297ffff,False,0.0,0.0,4.0,5.956025765589634,4.6908163973952846,4.0,0.0
8940e30b29bffff,False,0.0,0.0,5.0,1.1003453870740867,1.3690347194112114,5.0,0.0
8940e30b2a3ffff,False,0.0,2.0,8.0,6.952075691639543,5.952272769797925,10.0,2.0
8940e30b2a7ffff,False,0.0,1.0,1.0,3.799286317038997,3.1158574188103576,2.0,1.0
8940e30b2abffff,False,0.0,0.0,4.0,7.043210955797528,5.402396099541075,4.0,0.0
8940e30b2afffff,False,0.0,0.0,3.0,0.6150869970972782,0.790264445438583,3.0,0.0
8940e30b2b3ffff,False,0.0,1.0,5.0,9.133002531163472,6.945194742429533,6.0,1.0
8940e30b2b7ffff,False,0.0,0.0,5.0,2.5393881857216103,2.395166304474009,5.0,0.0
8940e30b2bbffff,False,0.0,0.0,8.0,6.971023574514529,6.275540679883314,8.0,0.0
8940e30b2c3ffff,False,0.0,0.0,4.0,11.227474248794152,7.654990677543102,4.0,0.0
8940e30b2c7ffff,False,0.0,0.0,8.0,3.925106314879157,5.290300624595185,8.0,0.0
8940e30b2cbffff,False,0.0,1.0,4.0,11.256659254240688,9.61756170560653,5.0,1.0
8940e30b2cfffff,False,0.0,2.0,22.0,14.726791845428371,21.34776910776219,24.0,2.0
8940e30b2d3ffff,False,0.0,1.0,12.0,12.043441784481676,16.154867203166397,13.0,1.0
8940e30b2d7ffff,False,0.0,0.0,8.0,0.932379343632975,1.5791852985592731,8.0,0.0
8940e30b2dbffff,False,0.0,3.0,13.0,20.058431612370725,18.083583317090135,16.0,3.0
8940e30b3a3ffff,True,0.0,0.0,0.0,0.0,0.0,0.0,0.0
8940e30b3a7ffff,True,0.0,0.0,0.0,0.0,0.0,0.0,0.0
8940e30b3b3ffff,True,0.0,0.0,0.0,0.0,0.0,0.0,0.0
8940e30b3b7ffff,False,0.0,1.0,0.0,2.378080349195036,2.1952210681480078,1.0,1.0
8940e30b3d3ffff,True,0.0,0.0,0.0,0.0,0.0,0.0,0.0
8940e30b3dbffff,True,0.0,0.0,0.0,0.0,0.0,0.0,0.0
8940e30b403ffff,False,0.0,1.0,0.0,0.6604818446967091,0.6953333553493141,1.0,1.0
8940e30b40bffff,True,0.0,0.0,0.0,0.0,0.0,0.0,0.0
8940e30b40fffff,False,0.0,0.0,1.0,0.5105494606369818,1.0103776427433968,1.0,0.0
8940e30b413ffff,True,0.0,0.0,0.0,0.0,0.0,0.0,0.0
8940e30b41bffff,False,0.0,1.0,2.0,0.8022069235050792,1.3706905523786457,3.0,1.0
8940e30b443ffff,False,0.0,0.0,1.0,0.5331590605782759,0.616832784355115,1.0,0.0
8940e30b447ffff,True,0.0,0.0,0.0,0.6471420966481021,0.2416151351777594,0.0,0.0
8940e30b44bffff,False,0.0,1.0,1.0,0.5707062822463324,0.6069962577871817,2.0,1.0
8940e30b44fffff,True,0.0,0.0,0.0,0.6573700728481924,0.4947534399236153,0.0,0.0
8940e30b453ffff,True,0.0,0.0,0.0,0.9204834374374324,0.510018561925548,0.0,0.0
8940e30b45bffff,False,0.0,0.0,1.0,0.2357538685983622,0.4743972725500598,1.0,0.0
8940e30b463ffff,False,0.0,1.0,1.0,0.5858034486301409,0.9708482750343534,2.0,1.0
8940e30b46bffff,False,0.0,1.0,2.0,0.776152427096109,1.521763728607365,3.0,1.0
8940e30b46fffff,True,0.0,0.0,0.0,0.0,0.0,0.0,0.0
8940e30b473ffff,False,0.0,0.0,3.0,0.5114655063513851,1.105222194774306,3.0,0.0
8940e30b47bffff,False,0.0,0.0,1.0,0.3426394984805042,0.6258736592033354,1.0,0.0
8940e30b4c7ffff,True,0.0,0.0,0.0,0.2664929080365268,0.0,0.0,0.0
8940e30b4cfffff,False,0.0,0.0,1.0,0.0,0.2010559601374399,1.0,0.0
8940e30b507ffff,False,0.0,0.0,1.0,0.5131186019458848,0.4516554932474292,1.0,0.0
8940e30b50fffff,True,0.0,0.0,0.0,0.1708550560726815,0.0,0.0,0.0
8940e30b523ffff,False,0.0,0.0,1.0,0.2487468805002955,0.3606755566052276,1.0,0.0
8940e30b52bffff,True,0.0,0.0,0.0,0.3689866589879081,0.1284329555373824,0.0,0.0
8940e30b52fffff,False,0.0,0.0,2.0,0.988419526541067,1.081951452546378,2.0,0.0
8940e30b53bffff,True,0.0,0.0,0.0,0.0,0.0,0.0,0.0
8940e30b547ffff,True,0.0,0.0,0.0,0.0,0.0,0.0,0.0
8940e30b54fffff,False,0.0,0.0,3.0,0.4611237247955728,0.7784698740025888,3.0,0.0
8940e30b563ffff,False,0.0,0.0,7.0,9.35301493039093,8.04413330808953,7.0,0.0
8940e30b567ffff,False,0.0,1.0,16.0,10.175931255092705,9.969653706321004,17.0,1.0
8940e30b56bffff,False,0.0,0.0,6.0,3.634173786260224,3.136871607565539,6.0,0.0
8940e30b56fffff,False,0.0,0.0,2.0,5.657232114444678,5.425475281357362,2.0,0.0
8940e30b573ffff,False,0.0,0.0,3.0,0.8058589864460907,1.8325263224178732,3.0,0.0
8940e30b577ffff,False,0.0,0.0,14.0,4.823469067544163,4.585716020978659,14.0,0.0
8940e30b57bffff,False,0.0,0.0,4.0,2.1558287309989312,2.5472087227167366,4.0,0.0
8940e30b603ffff,False,0.0,3.0,12.0,30.61198251717116,31.836169823882543,15.0,3.0
8940e30b607ffff,False,0.0,0.0,7.0,18.96891564868261,12.323311116589402,7.0,0.0
8940e30b60bffff,False,0.0,1.0,12.0,19.79138068571553,16.808886364050366,13.0,1.0
8940e30b60fffff,False,0.0,0.0,15.0,14.818470616414292,13.730513199334624,15.0,0.0
8940e30b613ffff,False,0.0,0.0,2.0,6.546840571368432,4.91561614896384,2.0,0.0
8940e30b617ffff,False,0.0,2.0,7.0,8.724369375640235,7.429246162203169,9.0,2.0
8940e30b61bffff,False,0.0,0.0,5.0,12.21253042936049,7.78387010401129,5.0,0.0
8940e30b623ffff,False,0.0,1.0,3.0,6.6809663858568085,3.7100530292807865,4.0,1.0
8940e30b627ffff,False,0.0,1.0,8.0,5.793877612360037,6.340244316325973,9.0,1.0
8940e30b62bffff,False,0.0,1.0,7.0,13.869729307311475,10.54656408452278,8.0,1.0
8940e30b62fffff,False,0.0,2.0,5.0,3.5868141799478632,3.110176546854361,7.0,2.0
8940e30b633ffff,False,0.0,1.0,4.0,11.6192043691338,8.191047741736215,5.0,1.0
8940e30b637ffff,False,0.0,2.0,5.0,19.495836375835367,12.321269738848097,7.0,2.0
8940e30b63bffff,False,0.0,1.0,9.0,5.727173166496324,6.122253549053349,10.0,1.0
8940e30b643ffff,False,0.0,4.0,8.0,27.446538186355184,28.44865984328745,12.0,4.0
8940e30b647ffff,False,0.0,3.0,7.0,12.418572561131931,12.58607637958861,10.0,3.0
8940e30b64bffff,False,0.0,2.0,8.0,12.546667550391328,9.445454487540268,10.0,2.0
8940e30b64fffff,False,0.0,2.0,18.0,24.33511491242676,27.33559051336966,20.0,2.0
8940e30b653ffff,False,1.0,2.0,17.0,20.625986164634504,25.77427310051312,19.0,3.0
8940e30b657ffff,False,0.0,1.0,7.0,18.25878453189532,13.957286179637698,8.0,1.0
8940e30b65bffff,False,0.0,0.0,1.0,3.343012046961344,2.3879904920077237,1.0,0.0
8940e30b663ffff,False,0.0,1.0,8.0,6.894514290330646,7.675505095426842,9.0,1.0
8940e30b667ffff,False,0.0,3.0,11.0,18.822614527317693,16.602156273545972,14.0,3.0
8940e30b66bffff,False,0.0,3.0,17.0,25.41097345287901,29.262012294396747,20.0,3.0
8940e30b66fffff,False,0.0,2.0,10.0,18.9707864808183,16.567549570192142,12.0,2.0
8940e30b673ffff,False,0.0,4.0,9.0,11.623966976795328,12.621819161381667,13.0,4.0
8940e30b677ffff,False,0.0,0.0,5.0,7.054447934164197,6.856013613960179,5.0,0.0
8940e30b67bffff,False,0.0,2.0,4.0,11.359773429012456,7.91626439490997,6.0,2.0
8940e30b683ffff,False,0.0,0.0,1.0,0.0,0.1696969074600821,1.0,0.0
8940e30b687ffff,True,0.0,0.0,0.0,0.2489860036855914,0.1228069322003928,0.0,0.0
8940e30b68bffff,False,0.0,0.0,5.0,4.972473816202313,5.415532072741638,5.0,0.0
8940e30b68fffff,True,0.0,0.0,0.0,0.6965455689482811,0.2796689387019548,0.0,0.0
8940e30b693ffff,False,0.0,0.0,2.0,3.332319428932405,2.0741578245694607,2.0,0.0
8940e30b697ffff,True,0.0,0.0,0.0,1.0748585435678166,0.4519908344556434,0.0,0.0
8940e30b69bffff,False,0.0,0.0,1.0,0.0,0.3029880372626504,1.0,0.0
8940e30b6a3ffff,False,0.0,0.0,1.0,0.271101377155061,0.4424151847199819,1.0,0.0
8940e30b6a7ffff,False,0.0,0.0,1.0,0.0,0.1928895608310687,1.0,0.0
8940e30b6abffff,False,0.0,2.0,8.0,28.26247522536004,28.695596762040346,10.0,2.0
8940e30b6afffff,False,0.0,0.0,5.0,7.777236440713034,6.895910551289446,5.0,0.0
8940e30b6b3ffff,False,0.0,0.0,1.0,0.513038445473281,0.5969953767150625,1.0,0.0
8940e30b6b7ffff,False,0.0,0.0,1.0,0.8319774432249769,0.9829519085374154,1.0,0.0
8940e30b6bbffff,False,0.0,0.0,1.0,0.5966442117391053,0.5983064407042231,1.0,0.0
8940e30b6c3ffff,False,0.0,0.0,5.0,5.175305985264082,5.131868783547976,5.0,0.0
8940e30b6c7ffff,False,0.0,1.0,6.0,12.665011915208854,10.700605548141878,7.0,1.0
8940e30b6cbffff,False,3.0,6.0,21.0,54.97125792583373,59.85289535576101,27.0,9.0
8940e30b6cfffff,False,0.0,0.0,3.0,0.7396521445606702,0.993840439074013,3.0,0.0
8940e30b6d3ffff,True,0.0,0.0,0.0,0.0,0.0,0.0,0.0
8940e30b6d7ffff,False,0.0,3.0,7.0,17.67956175670371,15.80183545086944,10.0,3.0
8940e30b6dbffff,False,0.0,1.0,11.0,7.5268139825068,9.130012278385538,12.0,1.0
8940e319203ffff,True,0.0,0.0,0.0,0.0,0.0,0.0,0.0
8940e31920bffff,False,0.0,1.0,11.0,4.67879667669226,5.478063833233189,12.0,1.0
8940e31920fffff,True,0.0,0.0,0.0,2.1681225452720048,1.1156971118712846,0.0,0.0
8940e31921bffff,False,0.0,0.0,2.0,1.9586701888538984,2.3802558917549264,2.0,0.0
8940e319243ffff,False,0.0,2.0,8.0,14.315425180667363,9.07162737168778,10.0,2.0
8940e319247ffff,False,0.0,0.0,1.0,6.353782720548854,5.881555177092628,1.0,0.0
8940e31924bffff,False,0.0,1.0,15.0,7.022486212557867,9.24583941687931,16.0,1.0
8940e31924fffff,False,0.0,1.0,8.0,9.333897113796834,9.651092299512692,9.0,1.0
8940e319253ffff,False,0.0,1.0,4.0,3.926448279364808,3.5234520690975764,5.0,1.0
8940e319257ffff,False,0.0,0.0,1.0,6.546774368712764,4.0047913163987054,1.0,0.0
8940e31925bffff,False,0.0,0.0,1.0,0.680767306160286,0.6171576611177738,1.0,0.0
8940e319263ffff,False,0.0,3.0,17.0,20.08807556649468,22.09947222472162,20.0,3.0
8940e319267ffff,False,0.0,1.0,13.0,7.0573121855423215,8.22199048082725,14.0,1.0
8940e31926bffff,False,0.0,1.0,15.0,10.297386986800287,9.964721227509868,16.0,1.0
8940e31926fffff,False,0.0,0.0,6.0,14.279869080952576,10.169858980937232,6.0,0.0
8940e319273ffff,False,0.0,3.0,14.0,13.937310107832309,10.387249625021608,17.0,3.0
8940e319277ffff,False,0.0,0.0,9.0,21.227051270896094,15.698697726794064,9.0,0.0
8940e31927bffff,True,0.0,0.0,0.0,2.493294963761707,2.1654797308401306,0.0,0.0
8940e3192c3ffff,False,0.0,0.0,6.0,5.908933149143656,6.292682717848185,6.0,0.0
8940e3192c7ffff,False,0.0,1.0,1.0,2.844212166422752,3.184120024328954,2.0,1.0
8940e3192cbffff,False,0.0,0.0,10.0,3.91342580671589,4.773719038931019,10.0,0.0
8940e3192cfffff,False,0.0,1.0,16.0,15.3872082137112,20.205218592146306,17.0,1.0
8940e3192d3ffff,False,0.0,1.0,3.0,5.550710331849188,5.04813414203569,4.0,1.0
8940e3192d7ffff,False,0.0,0.0,2.0,2.3818231660424254,2.4321499846110206,2.0,0.0
8940e3192dbffff,True,0.0,0.0,0.0,2.604224591705365,1.4762698425420042,0.0,0.0
8940e319607ffff,False,0.0,0.0,1.0,0.2285066763604658,0.4166256266466238,1.0,0.0
8940e31960bffff,False,0.0,0.0,2.0,1.6009136692882937,1.5139528941555305,2.0,0.0
8940e31960fffff,False,0.0,0.0,1.0,1.6168086119073846,1.4441270720142203,1.0,0.0
8940e31962bffff,False,0.0,0.0,3.0,11.344840204574806,9.335164319045267,3.0,0.0
8940e31963bffff,False,0.0,1.0,7.0,2.808331900678763,3.7643598107125658,8.0,1.0
8940e319643ffff,False,0.0,2.0,10.0,4.821000504332027,5.391830773168285,12.0,2.0
8940e319647ffff,False,0.0,0.0,6.0,3.886354182947558,4.980704497429015,6.0,0.0
8940e31964bffff,False,0.0,1.0,13.0,16.906040167642665,15.07874943837705,14.0,1.0
8940e31964fffff,False,0.0,3.0,25.0,20.099483762881977,23.85497726212337,28.0,3.0
8940e319653ffff,False,0.0,0.0,8.0,1.7817772349380834,1.8550200850048109,8.0,0.0
8940e319657ffff,False,0.0,0.0,1.0,0.2816834650770375,0.3727831820204751,1.0,0.0
8940e31965bffff,False,0.0,0.0,13.0,4.10146632872514,4.118066980504175,13.0,0.0
8940e319663ffff,False,0.0,0.0,1.0,1.643075985002862,1.5008812961126616,1.0,0.0
8940e319667ffff,True,0.0,0.0,0.0,0.861435319057354,0.5669710214925021,0.0,0.0
8940e31966bffff,False,0.0,0.0,1.0,4.961970572369363,3.674507523305453,1.0,0.0
8940e31966fffff,False,0.0,0.0,3.0,10.85003205590551,7.153380489831432,3.0,0.0
8940e319673ffff,True,0.0,0.0,0.0,0.5701343258612162,0.2823608768561267,0.0,0.0
8940e319677ffff,True,0.0,0.0,0.0,0.0,0.0,0.0,0.0
8940e31967bffff,False,0.0,1.0,4.0,3.402901128243528,4.021236932620149,5.0,1.0
8940e3541a7ffff,True,0.0,0.0,0.0,0.857058009512703,0.4015169666223709,0.0,0.0
8940e3541b3ffff,True,0.0,0.0,0.0,0.5838355297319192,0.2055124907096477,0.0,0.0
8940e3541b7ffff,True,0.0,0.0,0.0,0.0,0.0,0.0,0.0
8940e354517ffff,False,0.0,0.0,1.0,0.7385076788603073,0.5162338832095078,1.0,0.0
8940e354523ffff,True,0.0,0.0,0.0,0.0,0.0,0.0,0.0
8940e354527ffff,True,0.0,0.0,0.0,0.1819290164412907,0.0,0.0,0.0
8940e354533ffff,False,0.0,0.0,2.0,0.4517495320256925,0.6747513568858251,2.0,0.0
8940e354537ffff,False,0.0,0.0,4.0,0.811683813001588,1.156119017037926,4.0,0.0
8940e354587ffff,False,0.0,1.0,0.0,2.561064263474746,2.482371330865952,1.0,1.0
8940e35458bffff,True,0.0,0.0,0.0,0.0,0.0,0.0,0.0
8940e35458fffff,False,0.0,0.0,3.0,1.715975589571162,1.5841958363446047,3.0,0.0
8940e3545a3ffff,True,0.0,0.0,0.0,8.95259175637753,6.249609660976614,0.0,0.0
8940e3545a7ffff,False,0.0,1.0,2.0,4.555514441290583,4.139087489982446,3.0,1.0
8940e3545abffff,False,0.0,0.0,1.0,2.2748212995365207,1.8311336055830325,1.0,0.0
8940e3545afffff,False,0.0,1.0,2.0,0.6882761573388263,0.766422341155308,3.0,1.0
8940e3545b3ffff,False,0.0,0.0,5.0,11.43825275058498,8.041698653739365,5.0,0.0
8940e3545b7ffff,False,0.0,0.0,8.0,20.677509815618254,16.23029839053599,8.0,0.0
8940e3545bbffff,False,0.0,1.0,4.0,6.80718423726932,5.632560083925001,5.0,1.0
8940e354807ffff,False,0.0,1.0,1.0,0.7608863877830302,0.7420478248298312,2.0,1.0
8940e354813ffff,True,0.0,0.0,0.0,0.0,0.0,0.0,0.0
8940e354817ffff,False,0.0,2.0,0.0,1.711867384140536,1.3144274750245368,2.0,2.0
8940e354833ffff,True,0.0,0.0,0.0,0.0,0.0,0.0,0.0
8940e354883ffff,False,0.0,0.0,3.0,0.8405945489607949,1.329722312153901,3.0,0.0
8940e354887ffff,False,0.0,0.0,2.0,0.0,0.4652166489427409,2.0,0.0
8940e35488bffff,False,0.0,0.0,7.0,0.6039399986252181,1.49793738341247,7.0,0.0
8940e35488fffff,True,0.0,0.0,0.0,0.0,0.0,0.0,0.0
8940e354893ffff,False,0.0,1.0,0.0,1.4700686615511769,1.5967357357859635,1.0,1.0
8940e354897ffff,False,0.0,0.0,1.0,0.4362355136397424,0.6120291343978971,1.0,0.0
8940e35489bffff,False,0.0,1.0,3.0,0.7931620749635278,1.6817147728352877,4.0,1.0
8940e3548a3ffff,False,0.0,1.0,6.0,3.4616702306492857,2.8146013785534625,7.0,1.0
8940e3548a7ffff,False,0.0,1.0,3.0,0.6261341710961505,0.8469916233727888,4.0,1.0
8940e3548abffff,True,0.0,0.0,0.0,1.1599674411952774,0.5246763574265464,0.0,0.0
8940e3548afffff,True,0.0,0.0,0.0,0.5236768315961,0.0,0.0,0.0
8940e3548b3ffff,True,0.0,0.0,0.0,0.0,0.0,0.0,0.0
8940e3548b7ffff,False,0.0,0.0,1.0,0.5026664931397847,0.3195719484830325,1.0,0.0
8940e3548bbffff,False,0.0,0.0,7.0,10.43383819635626,6.2981595814812925,7.0,0.0
8940e3548d7ffff,True,0.0,0.0,0.0,0.0,0.0,0.0,0.0
8940e354903ffff,False,0.0,2.0,0.0,0.5516395943454,0.5080198256053797,2.0,2.0
8940e354907ffff,False,0.0,0.0,1.0,10.849139099607726,7.154144472947424,1.0,0.0
8940e35490bffff,True,0.0,0.0,0.0,0.3118615664485896,0.0,0.0,0.0
8940e35490fffff,False,0.0,0.0,1.0,0.9110993325056151,0.7158538438815496,1.0,0.0
8940e354913ffff,False,0.0,0.0,9.0,1.4998430249569097,1.9670974718612764,9.0,0.0
8940e354917ffff,False,0.0,0.0,2.0,13.825187468375132,9.579898970556348,2.0,0.0
8940e35491bffff,False,0.0,0.0,1.0,0.3446472851052974,0.1932246565430824,1.0,0.0
8940e354923ffff,False,0.0,2.0,4.0,7.543965225432373,6.050024542053703,6.0,2.0
8940e354927ffff,False,0.0,1.0,5.0,1.5435606590946855,1.9845532560304355,6.0,1.0
8940e35492bffff,False,0.0,1.0,2.0,15.754102804469886,9.193541746209844,3.0,1.0
8940e35492fffff,False,0.0,0.0,1.0,0.2829198812017027,0.3557303073832421,1.0,0.0
8940e354933ffff,False,0.0,0.0,2.0,15.300296986846934,9.89625563872654,2.0,0.0
8940e354937ffff,False,0.0,1.0,9.0,19.607748916030467,13.107790886361318,10.0,1.0
8940e35493bffff,False,0.0,1.0,5.0,13.457711754784798,7.496904508601126,6.0,1.0
8940e354967ffff,True,0.0,0.0,0.0,1.1030588466630489,0.6452204002042242,0.0,0.0
8940e354973ffff,False,0.0,0.0,1.0,0.3290518810628084,0.3107113717489408,1.0,0.0
8940e354977ffff,True,0.0,0.0,0.0,0.1967036525466784,0.0,0.0,0.0
8940e354983ffff,False,0.0,0.0,5.0,4.327791611282294,3.2311394469362806,5.0,0.0
8940e354987ffff,False,0.0,0.0,5.0,15.569405978908929,11.512075610100965,5.0,0.0
8940e35498bffff,False,0.0,2.0,5.0,1.151829622692344,1.4614278272558916,7.0,2.0
8940e35498fffff,False,0.0,0.0,3.0,8.365030293753959,6.6828450589380894,3.0,0.0
8940e354993ffff,False,0.0,0.0,2.0,3.8455228534011137,3.3659150528020505,2.0,0.0
8940e354997ffff,False,0.0,1.0,13.0,5.675402034030916,8.618902792591134,14.0,1.0
8940e35499bffff,False,0.0,0.0,8.0,3.2751460993943216,2.44692189572158,8.0,0.0
8940e3549a3ffff,False,0.0,1.0,2.0,1.4526991630998445,1.2888089613411695,3.0,1.0
8940e3549a7ffff,False,0.0,0.0,2.0,0.1982500411415268,0.4162395325702323,2.0,0.0
8940e3549abffff,False,0.0,0.0,1.0,8.486168434649075,6.460227296736417,1.0,0.0
8940e3549afffff,False,0.0,0.0,1.0,2.6821764005644844,1.706774113902246,1.0,0.0
8940e3549b3ffff,False,0.0,0.0,1.0,0.0,0.2703721285744156,1.0,0.0
8940e3549b7ffff,False,0.0,0.0,3.0,0.6358143252389888,0.9896998544427724,3.0,0.0
8940e3549bbffff,False,0.0,0.0,5.0,10.99735855189151,7.001566449774101,5.0,0.0
8940e3549c7ffff,True,0.0,0.0,0.0,0.0,0.0,0.0,0.0
8940e3549d3ffff,False,0.0,0.0,1.0,0.0,0.1441653346646079,1.0,0.0
8940e3549d7ffff,False,0.0,1.0,2.0,0.5968658762060076,0.7809454060374539,3.0,1.0
8940e3549dbffff,True,0.0,0.0,0.0,0.0,0.0,0.0,0.0
8940e354c03ffff,True,0.0,0.0,0.0,0.5380673596530332,0.2780509932685773,0.0,0.0
8940e354c07ffff,True,0.0,0.0,0.0,0.3016805409117853,0.0,0.0,0.0
8940e354c0bffff,True,0.0,0.0,0.0,0.3906521061292604,0.0,0.0,0.0
8940e354c0fffff,False,0.0,0.0,3.0,0.8716939878734034,1.9318514123179893,3.0,0.0
8940e354c13ffff,False,0.0,0.0,1.0,0.2508717530285206,0.3532008725540325,1.0,0.0
8940e354c17ffff,True,0.0,0.0,0.0,0.0,0.0,0.0,0.0
8940e354c1bffff,True,0.0,0.0,0.0,0.0,0.0,0.0,0.0
8940e354c23ffff,False,0.0,0.0,3.0,0.642596034293587,1.312856761908938,3.0,0.0
8940e354c27ffff,False,0.0,0.0,1.0,0.0,0.1493876059008244,1.0,0.0
8940e354c2bffff,False,0.0,0.0,2.0,0.8359241767296454,1.6628304893056836,2.0,0.0
8940e354c2fffff,False,0.0,0.0,4.0,0.8067629622726527,1.208641371594955,4.0,0.0
8940e354c33ffff,True,0.0,0.0,0.0,2.7851968359776524,1.595949656746787,0.0,0.0
8940e354c37ffff,False,0.0,2.0,4.0,0.8068232729726027,1.1628431602653206,6.0,2.0
8940e354c3bffff,True,0.0,0.0,0.0,0.30147074414134,0.2025153947477617,0.0,0.0
8940e354c47ffff,True,0.0,0.0,0.0,0.2513651986196791,0.124163232465944,0.0,0.0
8940e354c53ffff,True,0.0,0.0,0.0,0.0,0.0,0.0,0.0
8940e354c63ffff,True,0.0,0.0,0.0,0.250100683430378,0.0,0.0,0.0
8940e354c67ffff,False,0.0,0.0,5.0,0.3798313826600299,1.4757126563538994,5.0,0.0
8940e354c6fffff,False,0.0,0.0,2.0,0.3399882248435994,0.913048680018562,2.0,0.0
8940e354c73ffff,False,0.0,0.0,5.0,0.9641663863481866,2.365999892476152,5.0,0.0
8940e354c77ffff,False,0.0,0.0,2.0,0.3305117596463399,1.2682786473137475,2.0,0.0
8940e354c83ffff,False,0.0,1.0,0.0,0.2947893430558908,0.9174462030888876,1.0,1.0
8940e354c87ffff,False,0.0,0.0,1.0,1.0509413769089997,1.053679658787848,1.0,0.0
8940e354c8bffff,False,0.0,0.0,1.0,0.2230908057463688,0.4422849596021698,1.0,0.0
8940e354c93ffff,False,0.0,0.0,2.0,0.4944237329259405,1.0581048162356146,2.0,0.0
8940e354c97ffff,True,0.0,0.0,0.0,0.0,0.0,0.0,0.0
8940e354c9bffff,False,0.0,0.0,1.0,0.4813196145655827,0.6583952378695056,1.0,0.0
8940e354ca3ffff,False,0.0,0.0,4.0,2.5862616717782654,2.420445194350369,4.0,0.0
8940e354ca7ffff,False,0.0,2.0,8.0,17.99347839605818,11.39884790235886,10.0,2.0
8940e354cabffff,False,0.0,2.0,4.0,15.223713962260057,8.220239087156132,6.0,2.0
8940e354cafffff,True,0.0,0.0,0.0,0.0,0.0,0.0,0.0
8940e354cb3ffff,False,0.0,1.0,3.0,2.425910254676591,2.4799495788228763,4.0,1.0
8940e354cb7ffff,False,0.0,0.0,1.0,0.2229219862684836,0.2154983620526043,1.0,0.0
8940e354cbbffff,True,0.0,0.0,0.0,0.5250958821667099,0.216450539288887,0.0,0.0
8940e354cc3ffff,True,0.0,0.0,0.0,0.2263205896944209,0.0,0.0,0.0
8940e354cc7ffff,True,0.0,0.0,0.0,0.6415637118827195,0.3389542639819784,0.0,0.0
8940e354ccbffff,False,0.0,0.0,1.0,0.0,0.1720471585010407,1.0,0.0
8940e354ccfffff,True,0.0,0.0,0.0,0.5081597751557649,0.1642739647541277,0.0,0.0
8940e354cd3ffff,False,0.0,0.0,2.0,0.2540735907405294,0.4894463548004539,2.0,0.0
8940e354cd7ffff,False,0.0,0.0,1.0,0.3978329077768304,0.8483343428953005,1.0,0.0
8940e354cdbffff,True,0.0,0.0,0.0,0.0,0.0,0.0,0.0
8940e354d03ffff,False,0.0,1.0,6.0,4.720013890121382,5.159112121681079,7.0,1.0
8940e354d07ffff,False,0.0,0.0,3.0,12.419535022285189,8.418515062386652,3.0,0.0
8940e354d0bffff,False,0.0,1.0,2.0,3.1859642688566545,1.5745595476574272,3.0,1.0
8940e354d0fffff,False,0.0,0.0,2.0,1.443926951779935,1.343648998622902,2.0,0.0
8940e354d13ffff,False,0.0,1.0,6.0,17.564589644828303,12.007636484491885,7.0,1.0
8940e354d17ffff,False,0.0,1.0,13.0,12.584323649636469,12.934459371208236,14.0,1.0
8940e354d1bffff,False,0.0,0.0,3.0,4.326713637672799,3.6943689634895054,3.0,0.0
8940e354d23ffff,False,0.0,0.0,8.0,16.64725661105025,12.667008633218748,8.0,0.0
8940e354d27ffff,False,0.0,1.0,18.0,11.971258508282194,14.182935720758694,19.0,1.0
8940e354d2bffff,False,0.0,2.0,4.0,10.844054908980109,7.51406036297749,6.0,2.0
8940e354d2fffff,False,0.0,3.0,6.0,12.677222034726809,8.701625930911975,9.0,3.0
8940e354d33ffff,False,0.0,1.0,8.0,13.787263151357353,11.550200614272942,9.0,1.0
8940e354d37ffff,False,0.0,1.0,12.0,21.62408253014881,20.800010386383512,13.0,1.0
8940e354d3bffff,False,0.0,0.0,9.0,11.705433467037714,9.632209644168476,9.0,0.0
8940e354d43ffff,True,0.0,0.0,0.0,0.0,0.0,0.0,0.0
8940e354d47ffff,False,0.0,2.0,2.0,0.7498915899419338,0.9120391601817462,4.0,2.0
8940e354d4bffff,False,0.0,1.0,2.0,0.7210256415467045,0.9389236107280414,3.0,1.0
8940e354d4fffff,False,0.0,0.0,3.0,0.8847433794720274,0.8143844104535063,3.0,0.0
8940e354d53ffff,False,0.0,1.0,3.0,1.983237422219716,1.77951283131871,4.0,1.0
8940e354d57ffff,False,0.0,0.0,3.0,4.823282706282926,3.1110545320956158,3.0,0.0
8940e354d5bffff,False,0.0,0.0,2.0,0.4759878284490763,0.9573843305744,2.0,0.0
8940e354d63ffff,False,0.0,0.0,3.0,3.2332879419913474,2.789416896389337,3.0,0.0
8940e354d67ffff,False,0.0,0.0,6.0,2.234891820966071,2.320558686514964,6.0,0.0
8940e354d6bffff,False,0.0,0.0,2.0,1.2275484407697157,0.9621950344115088,2.0,0.0
8940e354d6fffff,False,0.0,0.0,3.0,2.8243236754330034,1.631436679597401,3.0,0.0
8940e354d73ffff,False,0.0,0.0,4.0,3.0744482127277357,3.0066541817001906,4.0,0.0
8940e354d77ffff,False,0.0,1.0,9.0,11.611242261284769,11.189052042382023,10.0,1.0
8940e354d7bffff,False,0.0,0.0,3.0,3.322949484409301,2.684216797171583,3.0,0.0
8940e354d83ffff,False,0.0,0.0,1.0,1.7497117715861912,1.4215725904881398,1.0,0.0
8940e354d87ffff,False,0.0,1.0,26.0,16.575447610773015,18.306766955653263,27.0,1.0
8940e354d8bffff,False,0.0,2.0,6.0,13.923934495830744,12.160764982094063,8.0,2.0
8940e354d8fffff,False,0.0,2.0,16.0,23.925647107372438,21.97143044471371,18.0,2.0
8940e354d93ffff,False,0.0,0.0,13.0,1.3630132942410755,2.3985346407944568,13.0,0.0
8940e354d97ffff,False,0.0,1.0,14.0,18.58668638177225,13.384747408624554,15.0,1.0
8940e354d9bffff,False,0.0,1.0,1.0,3.915437377305373,3.072823646954668,2.0,1.0
8940e354da3ffff,False,0.0,1.0,14.0,15.486592367684825,14.028238403214957,15.0,1.0
8940e354da7ffff,False,0.0,1.0,4.0,15.157254537288182,11.200629911397987,5.0,1.0
8940e354dabffff,False,0.0,2.0,8.0,17.519378285780334,12.80724699630365,10.0,2.0
8940e354dafffff,False,0.0,0.0,5.0,15.215771641972772,10.22385021520226,5.0,0.0
8940e354db3ffff,False,0.0,0.0,22.0,21.556074377835348,24.269511047615925,22.0,0.0
8940e354db7ffff,False,0.0,1.0,14.0,16.90560764540427,13.279337573354908,15.0,1.0
8940e354dbbffff,False,0.0,1.0,9.0,4.995439647582958,6.717587218466852,10.0,1.0
8940e354dc3ffff,False,0.0,1.0,4.0,4.878191496934179,5.267969056921669,5.0,1.0
8940e354dc7ffff,False,0.0,1.0,15.0,39.86144551824293,38.70977169428791,16.0,1.0
8940e354dcbffff,True,0.0,0.0,0.0,0.0,0.0,0.0,0.0
8940e354dcfffff,False,0.0,1.0,7.0,16.878574402429713,12.166400173852294,8.0,1.0
8940e354dd3ffff,False,0.0,1.0,5.0,30.666530602267844,29.31719100623365,6.0,1.0
8940e354dd7ffff,False,0.0,1.0,10.0,29.66476720252493,24.06887852935626,11.0,1.0
8940e354ddbffff,False,0.0,0.0,2.0,11.421912965356404,7.603783132766297,2.0,0.0
8940e356023ffff,True,0.0,0.0,0.0,0.0,0.0,0.0,0.0
8940e356027ffff,True,0.0,0.0,0.0,0.0,0.0,0.0,0.0
8940e35602bffff,True,0.0,0.0,0.0,0.0,0.0,0.0,0.0
8940e35602fffff,True,0.0,0.0,0.0,3.824507534362757,2.7426066101585165,0.0,0.0
8940e356103ffff,False,0.0,1.0,7.0,1.411444936208358,2.0362173219442457,8.0,1.0
8940e356107ffff,False,0.0,0.0,5.0,0.8749007273489506,1.3467142983787432,5.0,0.0
8940e35610bffff,False,0.0,1.0,6.0,7.864120005747384,7.319395778406664,7.0,1.0
8940e35610fffff,False,0.0,1.0,4.0,1.7727364783791364,1.9022785477800803,5.0,1.0
8940e356113ffff,False,0.0,0.0,3.0,1.6589204592365243,1.3667792118167752,3.0,0.0
8940e356117ffff,False,0.0,0.0,1.0,5.127456250513875,3.4805335483161635,1.0,0.0
8940e35611bffff,False,0.0,1.0,1.0,0.5736146994143363,0.7346021021762299,2.0,1.0
8940e356123ffff,False,0.0,1.0,2.0,3.569185299311424,2.9687784037245244,3.0,1.0
8940e356127ffff,False,0.0,0.0,17.0,1.7833082542254026,4.004985426204497,17.0,0.0
8940e35612bffff,False,0.0,1.0,1.0,0.8422788516191452,0.8824237462525971,2.0,1.0
8940e35612fffff,True,0.0,0.0,0.0,0.0,0.0,0.0,0.0
8940e356133ffff,False,0.0,0.0,2.0,0.91776800448233,0.9840382693133334,2.0,0.0
8940e356137ffff,False,0.0,0.0,2.0,4.176762442334651,3.2413663270554216,2.0,0.0
8940e35613bffff,False,0.0,0.0,3.0,7.53218775700545,5.609577502800047,3.0,0.0
8940e356143ffff,False,0.0,0.0,1.0,0.3730146663619633,0.3535398264523011,1.0,0.0
8940e356147ffff,False,0.0,0.0,2.0,2.693604522384962,1.804022408894919,2.0,0.0
8940e35614bffff,False,0.0,0.0,1.0,0.0,0.1610903445363352,1.0,0.0
8940e35614fffff,False,0.0,0.0,1.0,0.7586932074756044,0.6131967142117246,1.0,0.0
8940e35615bffff,True,0.0,0.0,0.0,3.1583721346829416,2.7738040703481084,0.0,0.0
8940e356163ffff,False,0.0,0.0,3.0,3.501738605414296,3.0314332946099447,3.0,0.0
8940e356167ffff,True,0.0,0.0,0.0,0.0,0.0,0.0,0.0
8940e35616bffff,True,0.0,0.0,0.0,0.0,0.0,0.0,0.0
8940e356173ffff,False,0.0,0.0,12.0,11.060552347849018,8.733407146434201,12.0,0.0
8940e356177ffff,False,0.0,0.0,2.0,1.2569685204125065,1.1459727079252604,2.0,0.0
8940e35617bffff,False,0.0,1.0,3.0,2.978426910635775,2.189861733840348,4.0,1.0
8940e356183ffff,False,0.0,0.0,9.0,6.848535195403524,6.139432341631519,9.0,0.0
8940e356187ffff,False,0.0,3.0,7.0,20.099598410947237,16.71778501493666,10.0,3.0
8940e35618bffff,False,0.0,0.0,16.0,12.709777531729596,15.130503346744296,16.0,0.0
8940e35618fffff,False,0.0,2.0,20.0,24.805048621585907,20.16067605306037,22.0,2.0
8940e356193ffff,False,0.0,1.0,3.0,11.575612591326598,8.687788170379966,4.0,1.0
8940e356197ffff,False,0.0,0.0,19.0,15.954747318011965,14.87915387955572,19.0,0.0
8940e35619bffff,False,0.0,0.0,4.0,6.418020389345145,7.55055849736033,4.0,0.0
8940e3561a3ffff,False,0.0,0.0,9.0,28.55530892949535,33.74998946684428,9.0,0.0
8940e3561a7ffff,False,0.0,2.0,9.0,12.331742400513166,11.511683285781803,11.0,2.0
8940e3561abffff,False,0.0,1.0,6.0,2.732955810210902,3.489053042499048,7.0,1.0
8940e3561afffff,False,0.0,1.0,9.0,8.189429874320908,9.165681709989816,10.0,1.0
8940e3561b3ffff,False,0.0,1.0,16.0,9.516014584956682,14.13578728019598,17.0,1.0
8940e3561b7ffff,False,0.0,2.0,22.0,8.974577326760963,13.009351082896533,24.0,2.0
8940e3561bbffff,False,0.0,3.0,14.0,20.67377298358501,21.05813209396999,17.0,3.0
8940e3561c7ffff,True,0.0,0.0,0.0,0.0,0.0,0.0,0.0
8940e356397ffff,False,0.0,1.0,0.0,0.0,0.0,1.0,1.0
8940e356503ffff,False,0.0,3.0,9.0,9.545979949169997,11.058713433962536,12.0,3.0
8940e356507ffff,False,0.0,1.0,4.0,11.17535676808253,7.547436355989914,5.0,1.0
8940e35650bffff,False,0.0,1.0,6.0,5.088928734760128,5.2683676376526005,7.0,1.0
8940e35650fffff,False,0.0,1.0,11.0,12.439539606270316,8.439086436729514,12.0,1.0
8940e356513ffff,False,0.0,0.0,1.0,1.4127268672312006,1.416002587651482,1.0,0.0
8940e356517ffff,False,0.0,0.0,7.0,8.207761900684536,9.487352807435672,7.0,0.0
8940e35651bffff,True,0.0,0.0,0.0,0.268560058970855,0.0,0.0,0.0
8940e356523ffff,False,0.0,2.0,9.0,14.066108707281668,10.15697063285054,11.0,2.0
8940e356527ffff,False,0.0,1.0,8.0,19.47840907845337,15.29869536702983,9.0,1.0
8940e35652bffff,False,0.0,1.0,1.0,0.7615477412756005,0.9314625165854454,2.0,1.0
8940e35652fffff,False,0.0,0.0,3.0,9.002100534441002,6.0649144880380685,3.0,0.0
8940e356533ffff,False,0.0,1.0,6.0,7.620149152719234,7.660165314499904,7.0,1.0
8940e356537ffff,False,0.0,0.0,6.0,12.946135925882686,10.016305013271763,6.0,0.0
8940e35653bffff,False,0.0,1.0,5.0,18.28532207401429,10.843069398973178,6.0,1.0
8940e356563ffff,False,0.0,1.0,8.0,14.138792344725465,8.507412238988042,9.0,1.0
8940e356567ffff,False,0.0,1.0,7.0,4.055387765448511,5.294707804970128,8.0,1.0
8940e356573ffff,False,0.0,1.0,2.0,12.121861484984212,7.313662359566876,3.0,1.0
8940e356577ffff,False,0.0,1.0,4.0,12.74674072036894,7.346211227454241,5.0,1.0
8940e356583ffff,False,0.0,0.0,1.0,1.329465864472161,1.0723207067693656,1.0,0.0
8940e356587ffff,False,0.0,1.0,3.0,7.537768564801778,5.721498685235116,4.0,1.0
8940e35658bffff,False,0.0,1.0,0.0,0.0,0.1667247683443261,1.0,1.0
8940e35658fffff,False,0.0,0.0,2.0,5.069566208478906,3.984103174993593,2.0,0.0
8940e356593ffff,True,0.0,0.0,0.0,0.0,0.0,0.0,0.0
8940e356597ffff,False,0.0,0.0,3.0,1.7796360641335351,1.3837741240557109,3.0,0.0
8940e3565a3ffff,True,0.0,0.0,0.0,0.0,0.0,0.0,0.0
8940e3565a7ffff,True,0.0,0.0,0.0,2.4325204674974787,1.5764480986081668,0.0,0.0
8940e3565abffff,False,0.0,1.0,2.0,7.024855954048947,5.426570302314633,3.0,1.0
8940e3565afffff,False,0.0,0.0,3.0,8.217094740423379,5.729204820140704,3.0,0.0
8940e3565b3ffff,True,0.0,0.0,0.0,0.7437364778102502,0.4427228805928939,0.0,0.0
8940e3565b7ffff,False,0.0,0.0,2.0,0.606820174645269,0.7094152019021276,2.0,0.0
8940e3565bbffff,False,0.0,1.0,2.0,9.155864827836195,6.998517561339148,3.0,1.0
8940e356803ffff,True,0.0,0.0,0.0,0.2316593557372227,0.3661326825058761,0.0,0.0
8940e35680bffff,False,0.0,0.0,1.0,3.1437083629740417,2.472700582725976,1.0,0.0
8940e35680fffff,True,0.0,0.0,0.0,0.0,0.0,0.0,0.0
8940e356813ffff,False,0.0,0.0,1.0,3.603580201038596,2.9961190217583407,1.0,0.0
8940e35681bffff,False,0.0,0.0,7.0,4.134445453365974,5.797219745824014,7.0,0.0
8940e356843ffff,False,0.0,0.0,1.0,0.7122921748185443,0.7323805970622131,1.0,0.0
8940e356847ffff,False,0.0,0.0,3.0,0.4911701383084464,0.9464932470968136,3.0,0.0
8940e35684bffff,False,0.0,0.0,2.0,1.0909026164120428,0.9706214161679064,2.0,0.0
8940e35684fffff,False,0.0,0.0,1.0,0.0,0.2511880701052233,1.0,0.0
8940e356853ffff,False,0.0,0.0,4.0,4.77721944388693,4.566779683867504,4.0,0.0
8940e356857ffff,True,0.0,0.0,0.0,0.0,0.0,0.0,0.0
8940e35685bffff,False,0.0,0.0,7.0,7.169943274793995,5.45935078223947,7.0,0.0
8940e356863ffff,False,0.0,0.0,1.0,0.3129051316470404,0.3077033521798857,1.0,0.0
8940e35686bffff,False,0.0,0.0,3.0,1.5913557159884153,1.5200147952065313,3.0,0.0
8940e35686fffff,True,0.0,0.0,0.0,0.0,0.0,0.0,0.0
8940e356873ffff,False,0.0,0.0,4.0,7.15850818897487,5.261381758024977,4.0,0.0
8940e35687bffff,False,0.0,0.0,1.0,0.2206932721555468,0.2449122400019531,1.0,0.0
8940e356883ffff,False,0.0,0.0,20.0,22.840072674707702,28.422215186579823,20.0,0.0
8940e35688bffff,False,0.0,1.0,0.0,0.0,0.4917214794132349,1.0,1.0
8940e35688fffff,False,0.0,0.0,1.0,1.812515501903868,1.8245111619984848,1.0,0.0
8940e356893ffff,False,0.0,0.0,3.0,1.2235802101627875,1.4413766047482894,3.0,0.0
8940e35689bffff,False,0.0,0.0,26.0,18.25806797578536,22.013941804076172,26.0,0.0
8940e3568c3ffff,False,0.0,0.0,5.0,5.312297005430607,3.926451507711384,5.0,0.0
8940e3568c7ffff,False,0.0,1.0,15.0,9.211256132439818,9.69680581456258,16.0,1.0
8940e3568cbffff,False,0.0,0.0,2.0,6.734137962835287,4.437610808738049,2.0,0.0
8940e3568cfffff,False,0.0,0.0,2.0,4.777348323462074,3.064020321757454,2.0,0.0
8940e3568d3ffff,False,0.0,1.0,6.0,3.980479010876196,3.577880466362506,7.0,1.0
8940e3568d7ffff,False,0.0,3.0,16.0,18.16883987431836,15.281059838575596,19.0,3.0
8940e3568dbffff,False,0.0,0.0,13.0,12.457632982861618,12.513443060773586,13.0,0.0
8940e356927ffff,True,0.0,0.0,0.0,0.0,0.0,0.0,0.0
8940e35692fffff,True,0.0,0.0,0.0,0.2639921474986934,0.0,0.0,0.0
8940e35696fffff,True,0.0,0.0,0.0,0.3231432702887549,0.0,0.0,0.0
8940e356a03ffff,False,0.0,0.0,4.0,0.9538414786904876,1.1097680134404504,4.0,0.0
8940e356a07ffff,True,0.0,0.0,0.0,0.0,0.0,0.0,0.0
8940e356a0bffff,False,0.0,0.0,1.0,0.2255657973737668,0.46984545199874,1.0,0.0
8940e356a0fffff,False,0.0,0.0,12.0,1.050619788503882,5.318752101827454,12.0,0.0
8940e356a13ffff,False,0.0,1.0,3.0,1.567045390776563,1.551520304616468,4.0,1.0
8940e356a17ffff,True,0.0,0.0,0.0,0.0,0.0,0.0,0.0
8940e356a1bffff,False,0.0,0.0,1.0,0.3506216270157573,0.641341816842851,1.0,0.0
8940e356a23ffff,False,0.0,0.0,5.0,0.7165535834696783,1.1066643683152633,5.0,0.0
8940e356a27ffff,True,0.0,0.0,0.0,0.5107894613451207,0.1505966754476194,0.0,0.0
8940e356a2bffff,False,0.0,0.0,8.0,0.8967441825575707,2.8618309838949894,8.0,0.0
8940e356a2fffff,False,0.0,0.0,2.0,0.0,0.3504115646405982,2.0,0.0
8940e356a33ffff,False,0.0,0.0,8.0,0.8512641414818906,1.5802439069645058,8.0,0.0
8940e356a3bffff,True,0.0,0.0,0.0,0.0,0.0,0.0,0.0
8940e356a43ffff,False,0.0,0.0,1.0,0.5092441138117704,0.7063343529109869,1.0,0.0
8940e356a47ffff,False,0.0,0.0,1.0,0.1873394249872698,0.319288086874235,1.0,0.0
8940e356a4bffff,True,0.0,0.0,0.0,0.1860053244754122,0.0,0.0,0.0
8940e356a4fffff,False,0.0,0.0,5.0,1.9439317609414104,2.5649677789886143,5.0,0.0
8940e356a57ffff,False,0.0,0.0,2.0,0.6558241608328579,1.1767161134324031,2.0,0.0
8940e356a5bffff,False,0.0,1.0,0.0,0.616765284961481,0.5828624485164192,1.0,1.0
8940e356a63ffff,True,0.0,0.0,0.0,1.07884793705859,0.6749646746308053,0.0,0.0
8940e356a67ffff,True,0.0,0.0,0.0,0.1819922313420334,0.0,0.0,0.0
8940e356a6bffff,False,0.0,0.0,1.0,0.6160932797295068,0.7935572011707424,1.0,0.0
8940e356a6fffff,False,0.0,0.0,2.0,0.5484656656954117,0.9973853113842712,2.0,0.0
8940e356a73ffff,True,0.0,0.0,0.0,0.3548407011604702,0.0,0.0,0.0
8940e356a77ffff,False,0.0,0.0,5.0,0.7572413401752485,1.6082936972410355,5.0,0.0
8940e356a7bffff,True,0.0,0.0,0.0,0.302366320124509,0.0,0.0,0.0
8940e356a83ffff,True,0.0,0.0,0.0,0.0,0.0,0.0,0.0
8940e356a87ffff,False,0.0,0.0,3.0,7.594960511523935,4.468964834843376,3.0,0.0
8940e356a8bffff,False,0.0,0.0,5.0,1.1262296694600595,1.3130470791544644,5.0,0.0
8940e356a8fffff,True,0.0,0.0,0.0,0.451671360071901,0.1875997157381959,0.0,0.0
8940e356a93ffff,False,0.0,0.0,2.0,4.459862100238115,3.266071848702043,2.0,0.0
8940e356a97ffff,False,0.0,0.0,97.0,4.565283197208782,4.893165736793174,97.0,0.0
8940e356a9bffff,False,0.0,0.0,1.0,0.4130182816570145,0.5996781334747622,1.0,0.0
8940e356aa3ffff,False,0.0,0.0,4.0,5.93603110107115,3.89242507856395,4.0,0.0
8940e356aa7ffff,False,0.0,0.0,1.0,2.1782685395644257,1.575865481977492,1.0,0.0
8940e356aabffff,False,0.0,1.0,6.0,11.118465234813272,8.892603689134736,7.0,1.0
8940e356aafffff,False,0.0,0.0,4.0,1.946594879948193,2.189356928918936,4.0,0.0
8940e356ab3ffff,False,0.0,0.0,6.0,2.626475068473284,2.1914317950356828,6.0,0.0
8940e356ab7ffff,True,0.0,0.0,0.0,0.4366961989071738,0.1860296538004454,0.0,0.0
8940e356abbffff,False,0.0,1.0,9.0,12.464989452322596,8.604694593541772,10.0,1.0
8940e356ac3ffff,True,0.0,0.0,0.0,0.0,0.0,0.0,0.0
8940e356ac7ffff,True,0.0,0.0,0.0,1.512975069078968,1.1511104616870784,0.0,0.0
8940e356acbffff,False,0.0,0.0,1.0,1.3518875807397657,1.9014188105622247,1.0,0.0
8940e356acfffff,False,0.0,0.0,5.0,1.7071340468885945,2.7485019270293205,5.0,0.0
8940e356ad3ffff,True,0.0,0.0,0.0,0.1927818894156543,0.0,0.0,0.0
8940e356ad7ffff,False,0.0,0.0,1.0,0.6626339234119691,0.8315445090068363,1.0,0.0
8940e356adbffff,True,0.0,0.0,0.0,1.0789722383225278,0.5050577222270836,0.0,0.0
8940e356b23ffff,False,0.0,0.0,6.0,12.349247561641157,10.027758851315228,6.0,0.0
8940e356b27ffff,False,0.0,0.0,4.0,3.7335048740250176,3.1644855852327933,4.0,0.0
8940e356b2bffff,False,1.0,1.0,7.0,7.169960404352861,6.203872319887372,8.0,2.0
8940e356b2fffff,False,0.0,2.0,8.0,7.977921259074837,8.202083283662317,10.0,2.0
8940e356b33ffff,True,0.0,0.0,0.0,0.0,0.0,0.0,0.0
8940e356b37ffff,False,0.0,0.0,11.0,22.731509945927247,27.219629442999405,11.0,0.0
8940e356b3bffff,False,0.0,0.0,1.0,1.1882146019080215,0.9430046391008616,1.0,0.0
8940e356b4bffff,True,0.0,0.0,0.0,0.6339830119485942,0.2760713207407918,0.0,0.0
8940e356b53ffff,False,0.0,0.0,4.0,0.9188691122636886,1.4102622208495237,4.0,0.0
8940e356b5bffff,False,0.0,0.0,1.0,0.1996988863737916,0.3127265062145833,1.0,0.0
8940e356b63ffff,False,0.0,0.0,4.0,1.158144884222135,1.4418859505584358,4.0,0.0
8940e356b67ffff,False,0.0,1.0,8.0,10.197805864821651,10.020479119609153,9.0,1.0
8940e356b6bffff,False,0.0,0.0,5.0,9.18678546528653,7.667360547322683,5.0,0.0
8940e356b6fffff,False,0.0,1.0,18.0,21.68208621355078,19.18367418673424,19.0,1.0
8940e356b77ffff,True,0.0,0.0,0.0,0.9727688417634132,0.6128046042357562,0.0,0.0
8940e356b7bffff,True,0.0,0.0,0.0,0.5824968664903022,0.137927328759598,0.0,0.0
8940e356bc3ffff,False,0.0,0.0,1.0,3.3588118548034926,2.972583144741203,1.0,0.0
8940e356bcbffff,False,0.0,0.0,4.0,4.525889409810764,3.0188832514209505,4.0,0.0
8940e356bd3ffff,False,0.0,0.0,1.0,0.76723090613137,0.7466328263958788,1.0,0.0
8940e356bdbffff,False,0.0,0.0,2.0,3.6791171714120767,4.328524742480578,2.0,0.0
8940e356c03ffff,True,0.0,0.0,0.0,0.0,0.0,0.0,0.0
8940e356c07ffff,True,0.0,0.0,0.0,0.0,0.0,0.0,0.0
8940e356c0bffff,True,0.0,0.0,0.0,0.0,0.0,0.0,0.0
8940e356c0fffff,True,0.0,0.0,0.0,0.0,0.0,0.0,0.0
8940e356c13ffff,True,0.0,0.0,0.0,0.2707172027812017,0.0,0.0,0.0
8940e356c1bffff,False,0.0,0.0,2.0,2.324372123656382,1.15074185438667,2.0,0.0
8940e356c2bffff,False,0.0,0.0,2.0,3.4432890650928427,2.003368420429104,2.0,0.0
8940e356c3bffff,False,0.0,0.0,1.0,2.6234268008745705,1.4992352142208405,1.0,0.0
8940e356c43ffff,False,0.0,0.0,1.0,0.2941621206583236,0.2822376629862739,1.0,0.0
8940e356c4bffff,True,0.0,0.0,0.0,0.0,0.0,0.0,0.0
8940e356c4fffff,False,0.0,0.0,5.0,6.121302312782968,5.094124691077128,5.0,0.0
8940e356c53ffff,False,0.0,1.0,2.0,0.0,0.5069079241891555,3.0,1.0
8940e356c5bffff,True,0.0,0.0,0.0,0.2653556904279517,0.0,0.0,0.0
8940e356c63ffff,False,0.0,1.0,4.0,5.290766751349472,4.127681213616868,5.0,1.0
8940e356c67ffff,False,0.0,1.0,9.0,17.293924218003692,12.338845793805625,10.0,1.0
8940e356c6bffff,False,0.0,0.0,2.0,1.5015718606786996,1.4466135462116434,2.0,0.0
8940e356c6fffff,False,1.0,0.0,9.0,7.921313433137697,7.959631712979901,9.0,1.0
8940e356c73ffff,False,0.0,0.0,3.0,1.3003168861833962,1.3172598061166871,3.0,0.0
8940e356c77ffff,False,0.0,2.0,9.0,11.319265683369512,8.707295234504207,11.0,2.0
8940e356c7bffff,False,0.0,0.0,4.0,14.285896188086491,9.951839062249263,4.0,0.0
8940e356c83ffff,False,0.0,4.0,4.0,11.156204068345872,10.296179744043808,8.0,4.0
8940e356c87ffff,True,0.0,0.0,0.0,0.0,0.0,0.0,0.0
8940e356c8bffff,False,0.0,0.0,1.0,0.5904063381078333,0.8710234475348455,1.0,0.0
8940e356c8fffff,False,0.0,0.0,3.0,3.1579272447185143,2.237070956693332,3.0,0.0
8940e356c93ffff,False,0.0,0.0,5.0,0.5785035146959372,0.9955086525121742,5.0,0.0
8940e356c9bffff,False,0.0,0.0,1.0,2.201161124987795,1.436797306299682,1.0,0.0
8940e356cabffff,True,0.0,0.0,0.0,0.0,0.0,0.0,0.0
8940e356cbbffff,False,0.0,1.0,0.0,0.1925531515384136,0.1815699711669723,1.0,1.0
8940e356cc3ffff,False,0.0,2.0,12.0,12.33953227941192,11.7350469216878,14.0,2.0
8940e356cc7ffff,False,0.0,1.0,2.0,10.119595065563436,6.800679329902701,3.0,1.0
8940e356ccbffff,False,0.0,0.0,3.0,6.6805676808486245,6.814468587686806,3.0,0.0
8940e356ccfffff,True,0.0,0.0,0.0,0.3007727537004042,0.1842973714234767,0.0,0.0
8940e356cd3ffff,False,0.0,1.0,1.0,3.4196377110164264,2.385547256199759,2.0,1.0
8940e356cd7ffff,False,0.0,0.0,4.0,11.139790929928145,8.61685659371609,4.0,0.0
8940e356cdbffff,False,0.0,2.0,16.0,12.14745916427059,13.730206309052356,18.0,2.0
8940e356e0bffff,False,0.0,0.0,1.0,5.878837429461319,3.821610571779477,1.0,0.0
8940e356e0fffff,True,0.0,0.0,0.0,1.6810828603095025,0.7479888039414516,0.0,0.0
8940e356e1bffff,True,0.0,0.0,0.0,0.1944782640320393,0.0,0.0,0.0
8940e356e23ffff,False,0.0,2.0,23.0,24.035716339412197,21.241861113435174,25.0,2.0
8940e356e27ffff,False,0.0,0.0,11.0,15.232119510642327,13.087898947214663,11.0,0.0
8940e356e2bffff,False,0.0,1.0,13.0,16.83073764232232,14.201219114876288,14.0,1.0
8940e356e2fffff,False,0.0,2.0,14.0,16.56464812679636,13.676517028954157,16.0,2.0
8940e356e33ffff,False,0.0,0.0,5.0,6.402162322050322,4.84946517134637,5.0,0.0
8940e356e37ffff,False,0.0,1.0,17.0,21.05099770268628,15.883216702485909,18.0,1.0
8940e356e3bffff,False,0.0,1.0,14.0,29.98349430674881,29.2870242180145,15.0,1.0
8940e356e43ffff,False,0.0,1.0,6.0,7.94408428183263,6.942906104326563,7.0,1.0
8940e356e47ffff,False,0.0,0.0,1.0,0.2599628900123229,0.2480038457815305,1.0,0.0
8940e356e4bffff,False,0.0,1.0,0.0,3.00166322534189,2.0759164801151853,1.0,1.0
8940e356e4fffff,True,0.0,0.0,0.0,0.9172499982462378,0.3806085370957149,0.0,0.0
8940e356e53ffff,True,0.0,0.0,0.0,0.0,0.0,0.0,0.0
8940e356e57ffff,False,0.0,1.0,4.0,1.8513164179566155,1.8207453438331151,5.0,1.0
8940e356e5bffff,True,0.0,0.0,0.0,0.0,0.0,0.0,0.0
8940e356e63ffff,False,0.0,1.0,6.0,12.23258632797228,8.499818417010585,7.0,1.0
8940e356e67ffff,False,0.0,0.0,1.0,3.542828449537565,2.386327077271744,1.0,0.0
8940e356e6bffff,False,0.0,0.0,7.0,5.2659903114415245,5.321944854708052,7.0,0.0
8940e356e6fffff,False,0.0,0.0,2.0,0.7490115178952023,0.834097387835996,2.0,0.0
8940e356e73ffff,False,0.0,1.0,3.0,18.78246737571568,15.351958055893734,4.0,1.0
8940e356e77ffff,False,0.0,0.0,12.0,16.710925158940483,13.17199117798845,12.0,0.0
8940e356e7bffff,False,0.0,1.0,1.0,7.96223732941593,6.534569161291981,2.0,1.0
8940e356e8bffff,False,0.0,0.0,4.0,1.1215591096264423,1.8490493505865744,4.0,0.0
8940e356e93ffff,False,0.0,0.0,4.0,0.2165944269239325,0.5120323950899265,4.0,0.0
8940e356e9bffff,True,0.0,0.0,0.0,0.0,0.0,0.0,0.0
8940e356ea7ffff,True,0.0,0.0,0.0,0.0,0.0,0.0,0.0
8940e356eafffff,True,0.0,0.0,0.0,0.3432324524822975,0.0,0.0,0.0
8940e356eb3ffff,True,0.0,0.0,0.0,0.0,0.0,0.0,0.0
8940e356eb7ffff,True,0.0,0.0,0.0,0.0,0.0,0.0,0.0
8940e356ec3ffff,True,0.0,0.0,0.0,0.0,0.0,0.0,0.0
8940e356ec7ffff,False,0.0,0.0,2.0,2.3845494980209865,2.1992625342273744,2.0,0.0
8940e356ecfffff,True,0.0,0.0,87.0,0.0,0.0,87.0,0.0
8940e3ccb27ffff,True,0.0,0.0,0.0,0.3047229001518708,0.0,0.0,0.0
8940e3ccb2fffff,False,0.0,0.0,3.0,1.1025651487729484,1.1268432142588798,3.0,0.0
