h3,removed,maxU,N0,n_low,n_soon,n_normal,rho,lam,swappable_max
8940e3086c3ffff,False,0.04674152738671539,9.0,0.0,1.0,8.0,1.3128006240575252,2.2664306299624744,1.0
8940e3086d3ffff,False,0.008314802855917097,4.0,0.0,0.0,4.0,2.7678663628657136,3.4956384231905453,0.16528255492443578
8940e3086d7ffff,True,0.0,0.0,0.0,0.0,0.0,0.0,0.0,0.0
8940e3086dbffff,True,0.0,0.0,0.0,0.0,0.0,0.0,0.0,0.0
8940e309453ffff,True,0.0,0.0,0.0,0.0,0.0,0.0,0.0,0.0
8940e30948bffff,True,0.0,0.0,0.0,0.0,0.0,0.0,0.0,0.0
8940e309493ffff,True,0.0,1.0,0.0,0.0,1.0,0.0,0.1888039115198246,0.0
8940e30949bffff,False,0.00534156277644892,1.0,0.0,0.0,1.0,1.5230417496900812,1.5129977660125504,0.07453520749111853
8940e3094c3ffff,False,0.06245350670922856,10.0,0.0,2.0,8.0,1.3657402131303544,1.6715234648675708,2.0
8940e3094cbffff,False,0.09348952351821654,3.0,0.0,1.0,2.0,2.716212105915436,2.083265551476788,1.0
8940e3094cfffff,True,0.0,0.0,0.0,0.0,0.0,0.0,0.0,0.0
8940e3094d3ffff,True,0.0,0.0,0.0,0.0,0.0,0.0,0.0,0.0
8940e3094d7ffff,False,0.23126036929742289,11.0,0.0,4.0,7.0,2.073529007079054,3.5034776078289718,4.0
8940e3094dbffff,False,1.1379786002407854e-16,1.0,0.0,0.0,1.0,0.0,0.1566043996111056,1.3877787807814457e-17
8940e309693ffff,True,0.0,0.0,0.0,0.0,0.0,0.4440324757838694,0.0,0.0
8940e30969bffff,True,0.0,0.0,0.0,0.0,0.0,0.0,0.0,0.0
8940e30b003ffff,False,0.0003586366410579748,7.0,0.0,0.0,7.0,0.5251321335170748,1.0317385268877233,0.0460064620119538
8940e30b007ffff,False,0.0004432209676837498,2.0,0.0,0.0,2.0,0.3077887055018651,0.6342194375000039,0.024478109003576304
8940e30b00bffff,False,0.0010844939263185086,5.0,0.0,0.0,5.0,0.4754359133422714,2.312286269375634,0.033432203794040105
8940e30b00fffff,False,0.0020744901208895727,4.0,0.0,0.0,4.0,1.413436178519126,1.4737910482020498,0.1116122770893665
8940e30b013ffff,False,0.0004186621755894516,3.0,0.0,0.0,3.0,0.2925380849755381,0.9080560696316408,0.023315638333479966
8940e30b017ffff,False,0.00657030626131188,5.0,0.0,0.0,5.0,3.7904988020938166,2.701105117047553,0.2858326333595785
8940e30b01bffff,False,0.012159798573843007,5.0,0.0,0.0,5.0,4.40250166454524,4.460034031286539,0.2746271537084407
8940e30b033ffff,False,0.12885366284661148,5.0,1.0,1.0,4.0,3.596545259160051,4.475234943201845,2.0
8940e30b037ffff,False,0.0019735150333971664,1.0,0.0,0.0,1.0,0.9188112217724465,0.7161618940415763,0.06447089461443203
8940e30b03bffff,False,0.002144258711829711,2.0,0.0,0.0,2.0,0.9984802928325254,1.1477669069946226,0.07085057672185469
8940e30b043ffff,True,0.0,0.0,0.0,0.0,0.0,0.346439939490694,0.1464326506840901,0.0
8940e30b047ffff,True,0.0,0.0,0.0,0.0,0.0,0.0,0.0,0.0
8940e30b04bffff,False,0.012420237159563155,2.0,0.0,0.0,2.0,4.348598980267288,3.081671570286967,0.2516258006233834
8940e30b04fffff,True,0.0,0.0,0.0,0.0,0.0,0.6274827193737087,0.2720045731263152,0.0
8940e30b053ffff,False,0.0008409759470958452,4.0,0.0,0.0,4.0,1.0025958844885223,0.810701608780336,0.08608915039767268
8940e30b057ffff,False,0.0005025272431440409,2.0,0.0,0.0,2.0,0.2868277203274663,0.7548791378983738,0.021838041171585693
8940e30b05bffff,False,0.08513853874353644,7.0,0.0,1.0,6.0,4.492725170756973,4.0135432187727655,1.0
8940e30b06bffff,False,0.0001877600526935003,1.0,0.0,0.0,1.0,0.2008200281424722,0.2176713270128799,0.017046679124069486
8940e30b073ffff,False,0.0035093782318342736,1.0,0.0,0.0,1.0,0.8639857934393913,1.2840572461729545,0.03696163322668945
8940e30b077ffff,True,0.0,0.0,0.0,0.0,0.0,0.0,0.0,0.0
8940e30b07bffff,False,0.054020149088056746,5.0,1.0,1.0,4.0,0.9042440562450704,1.4703924066164742,2.0
8940e30b08fffff,True,0.0,0.0,0.0,0.0,0.0,0.0,0.0,0.0
8940e30b0a3ffff,False,0.018279946938678716,7.0,0.0,0.0,7.0,6.490778274431973,6.509703528756022,0.39933844277920455
8940e30b0a7ffff,False,0.12991449485953482,2.0,0.0,1.0,1.0,6.4358320717507205,3.4339411969578184,1.0
8940e30b0abffff,False,0.013074969172909866,7.0,0.0,0.0,7.0,4.796033385429755,5.568302864720339,0.3039965284708909
8940e30b0afffff,False,0.014263788798041022,13.0,0.0,0.0,13.0,7.450273146341868,6.993159136930046,0.5480718260039826
8940e30b0b3ffff,False,0.0023728989458028597,2.0,0.0,0.0,2.0,1.1760875472193857,1.1394041483792616,0.08506246783494001
8940e30b0b7ffff,False,0.07286751652458162,4.0,0.0,1.0,3.0,1.7392826734774,1.7988273821390917,1.0
8940e30b0bbffff,False,0.08529397072191786,24.0,0.0,1.0,23.0,5.534098079050258,11.580688735151124,1.005788453014052
8940e30b0c3ffff,False,0.11462323951011061,1.0,0.0,1.0,0.0,0.8190297600826304,0.8416003456337173,1.0
8940e30b0c7ffff,False,0.00044138750799526966,1.0,0.0,0.0,1.0,0.2358516842705594,0.4279481596855803,0.017604783989294548
8940e30b0cbffff,False,0.00402267629051568,3.0,0.0,0.0,3.0,2.0135113074619926,1.7716926796872643,0.1458114401830287
8940e30b0cfffff,False,0.0004379366274100934,1.0,0.0,0.0,1.0,0.2384925666096279,0.4212937747708452,0.01789494823407318
8940e30b0d3ffff,True,0.0,0.0,0.0,0.0,0.0,0.3380712559022493,0.2096113681463482,0.0
8940e30b0d7ffff,True,0.0,0.0,0.0,0.0,0.0,0.0,0.0,0.0
8940e30b0dbffff,False,0.00043656654074524263,4.0,0.0,0.0,4.0,0.4315315224683004,0.8800199964544078,0.03631521611777999
8940e30b103ffff,False,0.0015040774823417043,2.0,0.0,0.0,2.0,0.6386507639535431,1.1167557176561331,0.04400690064335379
8940e30b10bffff,False,2.7755575615628915e-18,1.0,0.0,0.0,1.0,0.0,0.1691616604637359,1.3877787807814457e-17
8940e30b10fffff,True,0.0,0.0,0.0,0.0,0.0,0.0,0.0,0.0
8940e30b113ffff,True,0.0,0.0,0.0,0.0,0.0,0.2990036100036577,0.1838234527006998,0.0
8940e30b11bffff,False,0.003088343062349508,11.0,0.0,0.0,11.0,1.5512332205375874,4.658185982950823,0.11399577876912881
8940e30b12bffff,False,0.041068458793382334,2.0,0.0,1.0,1.0,0.0,0.4106845879338222,1.0
8940e30b13bffff,True,0.0,0.0,0.0,0.0,0.0,0.0,0.0,0.0
8940e30b143ffff,True,0.0,0.0,0.0,0.0,0.0,0.0,0.0,0.0
8940e30b147ffff,True,0.0,0.0,0.0,0.0,0.0,0.2341163415147534,0.0,0.0
8940e30b14fffff,True,0.0,0.0,0.0,0.0,0.0,0.0,0.0,0.0
8940e30b157ffff,False,0.09842699730377097,1.0,0.0,1.0,0.0,0.6053464915749182,0.6591459748957658,1.0
8940e30b163ffff,True,0.0,0.0,0.0,0.0,0.0,0.0,0.0,0.0
8940e30b16fffff,True,0.0,0.0,0.0,0.0,0.0,0.0,0.0,0.0
8940e30b173ffff,True,0.0,0.0,0.0,0.0,0.0,0.0,0.0,0.0
8940e30b17bffff,True,0.0,0.0,0.0,0.0,0.0,2.281680628971856,1.5750788261837758,0.0
8940e30b183ffff,True,0.0,0.0,0.0,0.0,0.0,0.0,0.0,0.0
8940e30b18bffff,True,0.0,0.0,0.0,0.0,0.0,0.2003174226757313,0.0,0.0
8940e30b193ffff,False,0.004956967743704396,1.0,0.0,0.0,1.0,1.5820968914142564,1.3759488316434692,0.08700088170156042
8940e30b19bffff,True,0.0,0.0,0.0,0.0,0.0,0.9020695243656286,0.5952252308466275,0.0
8940e30b1c3ffff,False,0.004093514970764052,1.0,0.0,0.0,1.0,1.3972188164621928,1.1934117732131395,0.08192764299500033
8940e30b1c7ffff,True,0.0,0.0,0.0,0.0,0.0,0.2200257487539099,0.1628625044018955,0.0
8940e30b1cfffff,False,0.057969467927270035,3.0,0.0,1.0,2.0,0.2771587280166616,0.9135852101062292,1.0
8940e30b1d3ffff,False,0.010903715876159625,1.0,0.0,0.0,1.0,3.593414600707107,2.437045694601044,0.18520750668820588
8940e30b1d7ffff,False,0.010114063582983487,1.0,0.0,0.0,1.0,3.07768820284352,2.363898551328784,0.14619378901126084
8940e30b1dbffff,False,0.0017046833833522408,3.0,0.0,0.0,3.0,1.1939730490104252,1.1068013746205656,0.09474486401519444
8940e30b203ffff,True,0.0,0.0,0.0,0.0,0.0,0.0,0.0,0.0
8940e30b207ffff,False,0.0033551940227062697,2.0,0.0,0.0,2.0,2.027858176471937,1.166527076665938,0.1541520259302815
8940e30b20fffff,True,0.0,0.0,0.0,0.0,0.0,0.0,0.0,0.0
8940e30b213ffff,False,0.14451970626416222,7.0,0.0,2.0,5.0,1.9450665228742197,2.9153335477310423,2.0
8940e30b217ffff,False,0.06935758560064437,8.0,0.0,1.0,7.0,4.952496100850972,3.6726109869016974,1.0366273675933795
8940e30b21bffff,True,0.0,0.0,0.0,0.0,0.0,0.0,0.0,0.0
8940e30b223ffff,True,0.0,0.0,0.0,0.0,0.0,0.0,0.0,0.0
8940e30b22bffff,False,0.10354941823156222,9.0,0.0,1.0,8.0,5.135864286383037,6.176390877161969,1.0
8940e30b233ffff,False,0.0013473414526886055,2.0,0.0,0.0,2.0,0.7004294781537361,0.9464698337324567,0.05172354943470643
8940e30b23bffff,False,0.0024354640900401472,3.0,0.0,0.0,3.0,1.4624851254154536,1.3487992091562242,0.1119804096980373
8940e30b243ffff,False,0.26894059149318006,7.0,0.0,2.0,5.0,7.870188698782142,7.831989213130676,2.0
8940e30b247ffff,False,0.006702875560835899,3.0,0.0,0.0,3.0,2.402008171372771,2.594213735820366,0.1494583632206441
8940e30b24bffff,False,0.022063189999007013,20.0,0.0,0.0,20.0,11.76387559814393,10.641843376363305,0.8704720114940145
8940e30b24fffff,False,0.07551132617615935,23.0,0.0,1.0,22.0,9.365945114423283,10.607360137090083,1.3262895696031625
8940e30b253ffff,False,0.01804400176511714,4.0,0.0,0.0,4.0,5.693387014833497,5.222766389188666,0.3127144670825229
8940e30b257ffff,False,0.34082827282610817,9.0,0.0,2.0,7.0,18.592179869464967,17.87536406428587,2.0
8940e30b25bffff,False,0.4637995566724762,15.0,0.0,4.0,11.0,12.788226140599669,12.938372461964956,4.0
8940e30b263ffff,False,0.009491699024225095,1.0,0.0,0.0,1.0,2.5189335299966964,2.419864681876008,0.09452971469526432
8940e30b267ffff,False,0.019979177116548265,5.0,0.0,0.0,5.0,6.567173977715432,5.981402280419359,0.3756997525002375
8940e30b26fffff,True,0.0,0.0,0.0,0.0,0.0,0.0,0.0,0.0
8940e30b273ffff,True,0.0,0.0,0.0,0.0,0.0,0.1985012704658266,0.0,0.0
8940e30b277ffff,False,0.025339878330317006,1.0,0.0,0.0,1.0,8.300427503028668,5.722776917375495,0.3327670798295912
8940e30b27bffff,False,0.0024845501550907166,5.0,0.0,0.0,5.0,1.8258289129190624,1.7280109500809702,0.14630558360973944
8940e30b283ffff,False,0.00782477591538823,2.0,0.0,0.0,2.0,2.9594583884375223,2.2282271362298536,0.18511525903909473
8940e30b287ffff,False,0.07307761366522741,4.0,0.0,1.0,3.0,3.0665320967381766,2.0428828918636213,1.0
8940e30b28bffff,False,0.053585392231288165,10.0,0.0,1.0,9.0,1.9369291650577307,2.956854295213891,1.0
8940e30b28fffff,False,0.015534356055096343,4.0,0.0,0.0,4.0,5.044991470736992,4.734695073755479,0.28665240399997066
8940e30b293ffff,False,0.3682006346990314,12.0,0.0,3.0,9.0,13.601808043974389,12.1087898554222,3.0
8940e30b297ffff,False,0.01652167788820881,4.0,0.0,0.0,4.0,5.956025765589634,4.6908163973952846,0.36138915449461884
8940e30b29bffff,False,0.0012914265547330668,5.0,0.0,0.0,5.0,1.1003453870740867,1.3690347194112114,0.09058394550620985
8940e30b2a3ffff,False,0.1731821672614441,10.0,0.0,2.0,8.0,6.952075691639543,5.952272769797925,2.0
8940e30b2a7ffff,False,0.14763899330594593,2.0,0.0,1.0,1.0,3.799286317038997,3.1158574188103576,1.0
8940e30b2abffff,False,0.020296736396118446,4.0,0.0,0.0,4.0,7.043210955797528,5.402396099541075,0.41147966410843023
8940e30b2afffff,False,0.0007004702048502677,3.0,0.0,0.0,3.0,0.6150869970972782,0.790264445438583,0.05087501341893022
8940e30b2b3ffff,False,0.12545465361405023,6.0,0.0,1.0,5.0,9.133002531163472,6.945194742429533,1.0
8940e30b2b7ffff,False,0.004468212452390676,5.0,0.0,0.0,5.0,2.5393881857216103,2.395166304474009,0.19162763656079412
8940e30b2bbffff,False,0.016888398719733244,8.0,0.0,0.0,8.0,6.971023574514529,6.275540679883314,0.4657566587134651
8940e30b2c3ffff,False,0.03292294876523738,4.0,0.0,0.0,4.0,11.227474248794152,7.654990677543102,0.6197895546282719
8940e30b2c7ffff,False,0.009885514173564938,8.0,0.0,0.0,8.0,3.925106314879157,5.290300624595185,0.26107077062222217
8940e30b2cbffff,False,0.16211215851974253,5.0,0.0,1.0,4.0,11.256659254240688,9.61756170560653,1.0
8940e30b2cfffff,False,0.2587254691934341,24.0,0.0,2.0,22.0,14.726791845428371,21.34776910776219,2.0
8940e30b2d3ffff,False,0.15509809916371148,13.0,0.0,1.0,12.0,12.043441784481676,16.154867203166397,1.0
8940e30b2d7ffff,False,0.0008364531472332629,8.0,0.0,0.0,8.0,0.932379343632975,1.5791852985592731,0.07957928276023263
8940e30b2dbffff,False,0.3933140237055732,16.0,0.0,3.0,13.0,20.058431612370725,18.083583317090135,3.0
8940e30b3a3ffff,True,0.0,0.0,0.0,0.0,0.0,0.0,0.0,0.0
8940e30b3a7ffff,True,0.0,0.0,0.0,0.0,0.0,0.0,0.0,0.0
8940e30b3b3ffff,True,0.0,0.0,0.0,0.0,0.0,0.0,0.0,0.0
8940e30b3b7ffff,False,0.17336392780006254,1.0,0.0,1.0,0.0,2.378080349195036,2.1952210681480078,1.0
8940e30b3d3ffff,True,0.0,0.0,0.0,0.0,0.0,0.0,0.0,0.0
8940e30b3dbffff,True,0.0,0.0,0.0,0.0,0.0,0.0,0.0,0.0
8940e30b403ffff,False,0.10144860304547382,1.0,0.0,1.0,0.0,0.6604818446967091,0.6953333553493141,1.0
8940e30b40bffff,True,0.0,0.0,0.0,0.0,0.0,0.0,0.0,0.0
8940e30b40fffff,False,0.002019328550817537,1.0,0.0,0.0,1.0,0.5105494606369818,1.0103776427433968,0.0239921493302127
8940e30b413ffff,True,0.0,0.0,0.0,0.0,0.0,0.0,0.0,0.0
8940e30b41bffff,False,0.07948855538091709,3.0,0.0,1.0,2.0,0.8022069235050792,1.3706905523786457,1.0
8940e30b443ffff,False,0.0012116141308844948,1.0,0.0,0.0,1.0,0.5331590605782759,0.616832784355115,0.03699974487271498
8940e30b447ffff,True,0.0,0.0,0.0,0.0,0.0,0.6471420966481021,0.2416151351777594,0.0
8940e30b44bffff,False,0.052764700370865836,2.0,0.0,1.0,1.0,0.5707062822463324,0.6069962577871817,1.0
8940e30b44fffff,True,0.0,0.0,0.0,0.0,0.0,0.6573700728481924,0.4947534399236153,0.0
8940e30b453ffff,True,0.0,0.0,0.0,0.0,0.0,0.9204834374374324,0.510018561925548,0.0
8940e30b45bffff,False,0.0004938134912968852,1.0,0.0,0.0,1.0,0.2357538685983622,0.4743972725500598,0.0170018809734767
8940e30b463ffff,False,0.08335404490145254,2.0,0.0,1.0,1.0,0.5858034486301409,0.9708482750343534,1.0
8940e30b46bffff,False,0.08837483628448545,3.0,0.0,1.0,2.0,0.776152427096109,1.521763728607365,1.0
8940e30b46fffff,True,0.0,0.0,0.0,0.0,0.0,0.0,0.0,0.0
8940e30b473ffff,False,0.0008546873363805335,3.0,0.0,0.0,3.0,0.5114655063513851,1.105222194774306,0.039374097366482314
8940e30b47bffff,False,0.0008999475723186576,1.0,0.0,0.0,1.0,0.3426394984805042,0.6258736592033354,0.02247716879513202
8940e30b4c7ffff,True,0.0,0.0,0.0,0.0,0.0,0.2664929080365268,0.0,0.0
8940e30b4cfffff,False,1.1379786002407854e-16,1.0,0.0,0.0,1.0,0.0,0.2010559601374399,1.3877787807814457e-17
8940e30b507ffff,False,0.0008453203044045208,1.0,0.0,0.0,1.0,0.5131186019458848,0.4516554932474292,0.03937467951101961
8940e30b50fffff,True,0.0,0.0,0.0,0.0,0.0,0.1708550560726815,0.0,0.0
8940e30b523ffff,False,0.0003834440353567754,1.0,0.0,0.0,1.0,0.2487468805002955,0.3606755566052276,0.01947451814869257
8940e30b52bffff,True,0.0,0.0,0.0,0.0,0.0,0.3689866589879081,0.1284329555373824,0.0
8940e30b52fffff,False,0.001998098238578062,2.0,0.0,0.0,2.0,0.988419526541067,1.081951452546378,0.07161172639256619
8940e30b53bffff,True,0.0,0.0,0.0,0.0,0.0,0.0,0.0,0.0
8940e30b547ffff,True,0.0,0.0,0.0,0.0,0.0,0.0,0.0,0.0
8940e30b54fffff,False,0.0005364815569342263,3.0,0.0,0.0,3.0,0.4611237247955728,0.7784698740025888,0.038043290832788595
8940e30b563ffff,False,0.02706186479818222,7.0,0.0,0.0,7.0,9.35301493039093,8.04413330808953,0.5549364767306953
8940e30b567ffff,False,0.08834691465775252,17.0,0.0,1.0,16.0,10.175931255092705,9.969653706321004,1.2879656869491458
8940e30b56bffff,False,0.006621275597611678,6.0,0.0,0.0,6.0,3.634173786260224,3.136871607565539,0.2710811857634842
8940e30b56fffff,False,0.02131851191727803,2.0,0.0,0.0,2.0,5.657232114444678,5.425475281357362,0.19653951647237514
8940e30b573ffff,False,0.0021784336835064593,3.0,0.0,0.0,3.0,0.8058589864460907,1.8325263224178732,0.052293857572074415
8940e30b577ffff,False,0.006285714415240395,14.0,0.0,0.0,14.0,4.823469067544163,4.585716020978659,0.3896729592464435
8940e30b57bffff,False,0.005052478895084724,4.0,0.0,0.0,4.0,2.1558287309989312,2.5472087227167366,0.1477312523572273
8940e30b603ffff,False,0.5344449737111074,15.0,0.0,3.0,12.0,30.61198251717116,31.836169823882543,3.0
8940e30b607ffff,False,0.05285039729742377,7.0,0.0,0.0,7.0,18.96891564868261,12.323311116589402,1.0985032206453962
8940e30b60bffff,False,0.13755645089559893,13.0,0.0,1.0,12.0,19.79138068571553,16.808886364050366,1.4398700420104094
8940e30b60fffff,False,0.039802892319180536,15.0,0.0,0.0,15.0,14.818470616414292,13.730513199334624,0.9352434771346897
8940e30b613ffff,False,0.021287854479000765,2.0,0.0,0.0,2.0,6.546840571368432,4.91561614896384,0.31206415145875915
8940e30b617ffff,False,0.21502137211502304,9.0,0.0,2.0,7.0,8.724369375640235,7.429246162203169,2.0
8940e30b61bffff,False,0.032578771436616194,5.0,0.0,0.0,5.0,12.21253042936049,7.78387010401129,0.7366159169257334
8940e30b623ffff,False,0.10004966172353297,4.0,0.0,1.0,3.0,6.6809663858568085,3.7100530292807865,1.0
8940e30b627ffff,False,0.10330558776346416,9.0,0.0,1.0,8.0,5.793877612360037,6.340244316325973,1.0
8940e30b62bffff,False,0.1335956624849402,8.0,0.0,1.0,7.0,13.869729307311475,10.54656408452278,1.151681938194803
8940e30b62fffff,False,0.13975408477045603,7.0,0.0,2.0,5.0,3.5868141799478632,3.110176546854361,2.0
8940e30b633ffff,False,0.14255979211177633,5.0,0.0,1.0,4.0,11.6192043691338,8.191047741736215,1.0
8940e30b637ffff,False,0.2809189683459984,7.0,0.0,2.0,5.0,19.495836375835367,12.321269738848097,2.0
8940e30b63bffff,False,0.09290997719410293,10.0,0.0,1.0,9.0,5.727173166496324,6.122253549053349,1.0
8940e30b643ffff,False,0.7327094795377473,12.0,0.0,4.0,8.0,27.446538186355184,28.44865984328745,4.0
8940e30b647ffff,False,0.4313776283065818,10.0,0.0,3.0,7.0,12.418572561131931,12.58607637958861,3.0
8940e30b64bffff,False,0.22430438303132194,10.0,0.0,2.0,8.0,12.546667550391328,9.445454487540268,2.0
8940e30b64fffff,False,0.30902414964559244,20.0,0.0,2.0,18.0,24.33511491242676,27.33559051336966,2.0
8940e30b653ffff,False,0.3253073645952713,19.0,1.0,2.0,17.0,20.625986164634504,25.77427310051312,3.0
8940e30b657ffff,False,0.1504903341730202,8.0,0.0,1.0,7.0,18.25878453189532,13.957286179637698,1.2236430676077363
8940e30b65bffff,False,0.010483348860277571,1.0,0.0,0.0,1.0,3.343012046961344,2.3879904920077237,0.16720049523366848
8940e30b663ffff,False,0.11804338941610731,9.0,0.0,1.0,8.0,6.894514290330646,7.675505095426842,1.0
8940e30b667ffff,False,0.40042107572499086,14.0,0.0,3.0,11.0,18.822614527317693,16.602156273545972,3.0
8940e30b66bffff,False,0.4818689510912173,20.0,0.0,3.0,17.0,25.41097345287901,29.262012294396747,3.0
8940e30b66fffff,False,0.28636199343662627,12.0,0.0,2.0,10.0,18.9707864808183,16.567549570192142,2.0
8940e30b673ffff,False,0.5086817412186033,13.0,0.0,4.0,9.0,11.623966976795328,12.621819161381667,4.0
8940e30b677ffff,False,0.023569950271129715,5.0,0.0,0.0,5.0,7.054447934164197,6.856013613960179,0.368392109576522
8940e30b67bffff,False,0.25900010575581656,6.0,0.0,2.0,4.0,11.359773429012456,7.91626439490997,2.0
8940e30b683ffff,False,1.1379786002407854e-16,1.0,0.0,0.0,1.0,0.0,0.1696969074600821,1.3877787807814457e-17
8940e30b687ffff,True,0.0,0.0,0.0,0.0,0.0,0.2489860036855914,0.1228069322003928,0.0
8940e30b68bffff,False,0.015862149273948002,5.0,0.0,0.0,5.0,4.972473816202313,5.415532072741638,0.27884132535738687
8940e30b68fffff,True,0.0,0.0,0.0,0.0,0.0,0.6965455689482811,0.2796689387019548,0.0
8940e30b693ffff,False,0.007634216202132251,2.0,0.0,0.0,2.0,3.332319428932405,2.0741578245694607,0.2235281583672814
8940e30b697ffff,True,0.0,0.0,0.0,0.0,0.0,1.0748585435678166,0.4519908344556434,0.0
8940e30b69bffff,False,2.220446049250313e-16,1.0,0.0,0.0,1.0,0.0,0.3029880372626504,1.3877787807814457e-17
8940e30b6a3ffff,False,0.0005126012742535714,1.0,0.0,0.0,1.0,0.271101377155061,0.4424151847199819,0.020159478412155762
8940e30b6a7ffff,False,2.220446049250313e-16,1.0,0.0,0.0,1.0,0.0,0.1928895608310687,0.0
8940e30b6abffff,False,0.37871704100169234,10.0,0.0,2.0,8.0,28.26247522536004,28.695596762040346,2.0
8940e30b6afffff,False,0.02467303014568681,5.0,0.0,0.0,5.0,7.777236440713034,6.895910551289446,0.4234519069078685
8940e30b6b3ffff,False,0.0011397657180821615,1.0,0.0,0.0,1.0,0.513038445473281,0.5969953767150625,0.035938258324841585
8940e30b6b7ffff,False,0.0026137401197568926,1.0,0.0,0.0,1.0,0.8319774432249769,0.9829519085374154,0.047711762089362356
8940e30b6bbffff,False,0.001262177772519077,1.0,0.0,0.0,1.0,0.5966442117391053,0.5983064407042231,0.042450771966328155
8940e30b6c3ffff,False,0.015302214352520431,5.0,0.0,0.0,5.0,5.175305985264082,5.131868783547976,0.30678974458846
8940e30b6c7ffff,False,0.1480162332674116,7.0,0.0,1.0,6.0,12.665011915208854,10.700605548141878,1.0
8940e30b6cbffff,False,1.1326678267859522,27.0,3.0,6.0,21.0,54.97125792583373,59.85289535576101,9.0
8940e30b6cfffff,False,0.0010427925087698022,3.0,0.0,0.0,3.0,0.7396521445606702,0.993840439074013,0.058977113964504974
8940e30b6d3ffff,True,0.0,0.0,0.0,0.0,0.0,0.0,0.0,0.0
8940e30b6d7ffff,False,0.45899327516112054,10.0,0.0,3.0,7.0,17.67956175670371,15.80183545086944,3.0
8940e30b6dbffff,False,0.1116218745978344,12.0,0.0,1.0,11.0,7.5268139825068,9.130012278385538,1.0
8940e319203ffff,True,0.0,0.0,0.0,0.0,0.0,0.0,0.0,0.0
8940e31920bffff,False,0.07530154637090442,12.0,0.0,1.0,11.0,4.67879667669226,5.478063833233189,1.0
8940e31920fffff,True,0.0,0.0,0.0,0.0,0.0,2.1681225452720048,1.1156971118712846,0.0
8940e31921bffff,False,0.006934317474076277,2.0,0.0,0.0,2.0,1.9586701888538984,2.3802558917549264,0.09957666710386524
8940e319243ffff,False,0.20710819469729247,10.0,0.0,2.0,8.0,14.315425180667363,9.07162737168778,2.0
8940e319247ffff,False,0.01953341878017603,1.0,0.0,0.0,1.0,6.353782720548854,5.881555177092628,0.13846745667909796
8940e31924bffff,False,0.09264441101552096,16.0,0.0,1.0,15.0,7.022486212557867,9.24583941687931,1.0307595380374026
8940e31924fffff,False,0.1328706797133979,9.0,0.0,1.0,8.0,9.333897113796834,9.651092299512692,1.0
8940e319253ffff,False,0.09844643103219913,5.0,0.0,1.0,4.0,3.926448279364808,3.5234520690975764,1.0
8940e319257ffff,False,0.019013352534632343,1.0,0.0,0.0,1.0,6.546774368712764,4.0047913163987054,0.3220788244737232
8940e31925bffff,False,0.001417687071521373,1.0,0.0,0.0,1.0,0.680767306160286,0.6171576611177738,0.04859872515777216
8940e319263ffff,False,0.4127655598033315,20.0,0.0,3.0,17.0,20.08807556649468,22.09947222472162,3.0
8940e319267ffff,False,0.09167256748443792,14.0,0.0,1.0,13.0,7.0573121855423215,8.22199048082725,1.0383706093539182
8940e31926bffff,False,0.09202406484897169,16.0,0.0,1.0,15.0,10.297386986800287,9.964721227509868,1.2675774221436937
8940e31926fffff,False,0.041976387228970846,6.0,0.0,0.0,6.0,14.279869080952576,10.169858980937232,0.8000981464752547
8940e319273ffff,False,0.25552403499769705,17.0,0.0,3.0,14.0,13.937310107832309,10.387249625021608,3.0
8940e319277ffff,False,0.0644406598332957,9.0,0.0,0.0,9.0,21.227051270896094,15.698697726794064,1.1554950415316245
8940e31927bffff,True,0.0,0.0,0.0,0.0,0.0,2.493294963761707,2.1654797308401306,0.0
8940e3192c3ffff,False,0.018321067184319965,6.0,0.0,0.0,6.0,5.908933149143656,6.292682717848185,0.33918001459364167
8940e3192c7ffff,False,0.16506892557141067,2.0,0.0,1.0,1.0,2.844212166422752,3.184120024328954,1.0
8940e3192cbffff,False,0.007390375660219765,10.0,0.0,0.0,10.0,3.91342580671589,4.773719038931019,0.29027507564729105
8940e3192cfffff,False,0.15056039141694272,17.0,0.0,1.0,16.0,15.3872082137112,20.205218592146306,1.0597213818470435
8940e3192d3ffff,False,0.1390840419237927,4.0,0.0,1.0,3.0,5.550710331849188,5.04813414203569,1.0
8940e3192d7ffff,False,0.007777552299583792,2.0,0.0,0.0,2.0,2.3818231660424254,2.4321499846110206,0.12919039602336327
8940e3192dbffff,True,0.0,0.0,0.0,0.0,0.0,2.604224591705365,1.4762698425420042,0.0
8940e319607ffff,False,0.0004176318513031186,1.0,0.0,0.0,1.0,0.2285066763604658,0.4166256266466238,0.017171747354614117
8940e31960bffff,False,0.003878078369259824,2.0,0.0,0.0,2.0,1.6009136692882937,1.5139528941555305,0.10721408272859173
8940e31960fffff,False,0.005237506752566026,1.0,0.0,0.0,1.0,1.6168086119073846,1.4441270720142203,0.08594523377940075
8940e31962bffff,False,0.03938533806375765,3.0,0.0,0.0,3.0,11.344840204574806,9.335164319045267,0.4475677774953373
8940e31963bffff,False,0.07883000744910068,8.0,0.0,1.0,7.0,2.808331900678763,3.7643598107125658,1.0
8940e319643ffff,False,0.14757682142068484,12.0,0.0,2.0,10.0,4.821000504332027,5.391830773168285,2.0
8940e319647ffff,False,0.011344733502299288,6.0,0.0,0.0,6.0,3.886354182947558,4.980704497429015,0.23701380734668603
8940e31964bffff,False,0.12732634328905307,14.0,0.0,1.0,13.0,16.906040167642665,15.07874943837705,1.3790911353630881
8940e31964fffff,False,0.35963786681054666,28.0,0.0,3.0,25.0,20.099483762881977,23.85497726212337,3.0
8940e319653ffff,False,0.0017527857224822543,8.0,0.0,0.0,8.0,1.7817772349380834,1.8550200850048109,0.15029323814315143
8940e319657ffff,False,0.0004395007197448733,1.0,0.0,0.0,1.0,0.2816834650770375,0.3727831820204751,0.02198176878200747
8940e31965bffff,False,0.005259148487408764,13.0,0.0,0.0,13.0,4.10146632872514,4.118066980504175,0.3324114633433084
8940e319663ffff,False,0.00546640744012189,1.0,0.0,0.0,1.0,1.643075985002862,1.5008812961126616,0.08477631695973424
8940e319667ffff,True,0.0,0.0,0.0,0.0,0.0,0.861435319057354,0.5669710214925021,0.0
8940e31966bffff,False,0.0161881771046469,1.0,0.0,0.0,1.0,4.961970572369363,3.674507523305453,0.20741593696599142
8940e31966fffff,False,0.03220145804049719,3.0,0.0,0.0,3.0,10.85003205590551,7.153380489831432,0.573334281272899
8940e319673ffff,True,0.0,0.0,0.0,0.0,0.0,0.5701343258612162,0.2823608768561267,0.0
8940e319677ffff,True,0.0,0.0,0.0,0.0,0.0,0.0,0.0,0.0
8940e31967bffff,False,0.1152404590764709,5.0,0.0,1.0,4.0,3.402901128243528,4.021236932620149,1.0
8940e3541a7ffff,True,0.0,0.0,0.0,0.0,0.0,0.857058009512703,0.4015169666223709,0.0
8940e3541b3ffff,True,0.0,0.0,0.0,0.0,0.0,0.5838355297319192,0.2055124907096477,0.0
8940e3541b7ffff,True,0.0,0.0,0.0,0.0,0.0,0.0,0.0,0.0
8940e354517ffff,False,0.0012330522400737232,1.0,0.0,0.0,1.0,0.7385076788603073,0.5162338832095078,0.056258035643649604
8940e354523ffff,True,0.0,0.0,0.0,0.0,0.0,0.0,0.0,0.0
8940e354527ffff,True,0.0,0.0,0.0,0.0,0.0,0.1819290164412907,0.0,0.0
8940e354533ffff,False,0.000659068100757304,2.0,0.0,0.0,2.0,0.4517495320256925,0.6747513568858251,0.03579082663584715
8940e354537ffff,False,0.001021167946426771,4.0,0.0,0.0,4.0,0.811683813001588,1.156119017037926,0.06609826585682188
8940e354587ffff,False,0.18166560073654275,1.0,0.0,1.0,0.0,2.561064263474746,2.482371330865952,1.0
8940e35458bffff,True,0.0,0.0,0.0,0.0,0.0,0.0,0.0,0.0
8940e35458fffff,False,0.0032230946939865446,3.0,0.0,0.0,3.0,1.715975589571162,1.5841958363446047,0.12696324495950706
8940e3545a3ffff,True,0.0,0.0,0.0,0.0,0.0,8.95259175637753,6.249609660976614,0.0
8940e3545a7ffff,False,0.14505415859116538,3.0,0.0,1.0,2.0,4.555514441290583,4.139087489982446,1.0
8940e3545abffff,False,0.007384579294380252,1.0,0.0,0.0,1.0,2.2748212995365207,1.8311336055830325,0.11575519570639374
8940e3545afffff,False,0.04561385034647564,3.0,0.0,1.0,2.0,0.6882761573388263,0.766422341155308,1.0
8940e3545b3ffff,False,0.03288555511033686,5.0,0.0,0.0,5.0,11.43825275058498,8.041698653739365,0.655499962159087
8940e3545b7ffff,False,0.06740401361152332,8.0,0.0,0.0,8.0,20.677509815618254,16.23029839053599,1.0264326290735137
8940e3545bbffff,False,0.12728982724467902,5.0,0.0,1.0,4.0,6.80718423726932,5.632560083925001,1.0
8940e354807ffff,False,0.061754657946622216,2.0,0.0,1.0,1.0,0.7608863877830302,0.7420478248298312,1.0
8940e354813ffff,True,0.0,0.0,0.0,0.0,0.0,0.0,0.0,0.0
8940e354817ffff,False,0.18035471522899915,2.0,0.0,2.0,0.0,1.711867384140536,1.3144274750245368,2.0
8940e354833ffff,True,0.0,0.0,0.0,0.0,0.0,0.0,0.0,0.0
8940e354883ffff,False,0.0015822014978886028,3.0,0.0,0.0,3.0,0.8405945489607949,1.329722312153901,0.06257530136590245
8940e354887ffff,False,2.220446049250313e-16,2.0,0.0,0.0,2.0,0.0,0.4652166489427409,0.0
8940e35488bffff,False,0.0006032957659860786,7.0,0.0,0.0,7.0,0.6039399986252181,1.49793738341247,0.05091681295489392
8940e35488fffff,True,0.0,0.0,0.0,0.0,0.0,0.0,0.0,0.0
8940e354893ffff,False,0.16372924168802555,1.0,0.0,1.0,0.0,1.4700686615511769,1.5967357357859635,1.0
8940e354897ffff,False,0.0010468418836862645,1.0,0.0,0.0,1.0,0.4362355136397424,0.6120291343978971,0.029703405329365523
8940e35489bffff,False,0.07567825848727444,4.0,0.0,1.0,3.0,0.7931620749635278,1.6817147728352877,1.0
8940e3548a3ffff,False,0.06385176752110394,7.0,0.0,1.0,6.0,3.4616702306492857,2.8146013785534625,1.0
8940e3548a7ffff,False,0.03914566652854862,4.0,0.0,1.0,3.0,0.6261341710961505,0.8469916233727888,1.0
8940e3548abffff,True,0.0,0.0,0.0,0.0,0.0,1.1599674411952774,0.5246763574265464,0.0
8940e3548afffff,True,0.0,0.0,0.0,0.0,0.0,0.5236768315961,0.0,0.0
8940e3548b3ffff,True,0.0,0.0,0.0,0.0,0.0,0.0,0.0,0.0
8940e3548b7ffff,False,0.0005787307902733827,1.0,0.0,0.0,1.0,0.5026664931397847,0.3195719484830325,0.04136746906654176
8940e3548bbffff,False,0.022092514725264495,7.0,0.0,0.0,7.0,10.43383819635626,6.2981595814812925,0.7266767125554943
8940e3548d7ffff,True,0.0,0.0,0.0,0.0,0.0,0.0,0.0,0.0
8940e354903ffff,False,0.08887804605976879,2.0,0.0,2.0,0.0,0.5516395943454,0.5080198256053797,2.0
8940e354907ffff,False,0.031858339343562025,1.0,0.0,0.0,1.0,10.849139099607726,7.154144472947424,0.439282530558686
8940e35490bffff,True,0.0,0.0,0.0,0.0,0.0,0.3118615664485896,0.0,0.0
8940e35490fffff,False,0.001963652433791635,1.0,0.0,0.0,1.0,0.9110993325056151,0.7158538438815496,0.06385911124860141
8940e354913ffff,False,0.0014429542695122213,9.0,0.0,0.0,9.0,1.4998430249569097,1.9670974718612764,0.1269264691495814
8940e354917ffff,False,0.04293509860088672,2.0,0.0,0.0,2.0,13.825187468375132,9.579898970556348,0.5761504044425427
8940e35491bffff,False,0.00025887695703121806,1.0,0.0,0.0,1.0,0.3446472851052974,0.1932246565430824,0.029893245013249164
8940e354923ffff,False,0.23743607808367495,6.0,0.0,2.0,4.0,7.543965225432373,6.050024542053703,2.0
8940e354927ffff,False,0.05814962234328008,6.0,0.0,1.0,5.0,1.5435606590946855,1.9845532560304355,1.0
8940e35492bffff,False,0.1605859382616302,3.0,0.0,1.0,2.0,15.754102804469886,9.193541746209844,1.045325391066138
8940e35492fffff,False,0.00041951776754527723,1.0,0.0,0.0,1.0,0.2829198812017027,0.3557303073832421,0.02231944751947461
8940e354933ffff,False,0.04574866562992794,2.0,0.0,0.0,2.0,15.300296986846934,9.89625563872654,0.6830077252422246
8940e354937ffff,False,0.12714574517651372,10.0,0.0,1.0,9.0,19.607748916030467,13.107790886361318,1.5802148486874656
8940e35493bffff,False,0.11601309217643846,6.0,0.0,1.0,5.0,13.457711754784798,7.496904508601126,1.3128137082240001
8940e354967ffff,True,0.0,0.0,0.0,0.0,0.0,1.1030588466630489,0.6452204002042242,0.0
8940e354973ffff,False,0.0004097100347591424,1.0,0.0,0.0,1.0,0.3290518810628084,0.3107113717489408,0.02679706895685037
8940e354977ffff,True,0.0,0.0,0.0,0.0,0.0,0.1967036525466784,0.0,0.0
8940e354983ffff,False,0.008569257714980627,5.0,0.0,0.0,5.0,4.327791611282294,3.2311394469362806,0.31294925590432043
8940e354987ffff,False,0.04974016394466599,5.0,0.0,0.0,5.0,15.569405978908929,11.512075610100965,0.7689536570572559
8940e35498bffff,False,0.07690983336541957,7.0,0.0,2.0,5.0,1.151829622692344,1.4614278272558916,2.0
8940e35498fffff,False,0.027990908645874307,3.0,0.0,0.0,3.0,8.365030293753959,6.6828450589380894,0.39440585347424145
8940e354993ffff,False,0.012897298277941383,2.0,0.0,0.0,2.0,3.8455228534011137,3.3659150528020505,0.1926585057175475
8940e354997ffff,False,0.09979994121460828,14.0,0.0,1.0,13.0,5.675402034030916,8.618902792591134,1.0
8940e35499bffff,False,0.0038101547445184916,8.0,0.0,0.0,8.0,3.2751460993943216,2.44692189572158,0.2693786795005664
8940e3549a3ffff,False,0.06836428103882214,3.0,0.0,1.0,2.0,1.4526991630998445,1.2888089613411695,1.0
8940e3549a7ffff,False,0.0001904579060307166,2.0,0.0,0.0,2.0,0.1982500411415268,0.4162395325702323,0.016791388522399142
8940e3549abffff,False,0.026217399169898313,1.0,0.0,0.0,1.0,8.486168434649075,6.460227296736417,0.2834016108412703
8940e3549afffff,False,0.007314115997530745,1.0,0.0,0.0,1.0,2.6821764005644844,1.706774113902246,0.15808323319674217
8940e3549b3ffff,False,2.7755575615628915e-18,1.0,0.0,0.0,1.0,0.0,0.2703721285744156,1.3877787807814457e-17
8940e3549b7ffff,False,0.0009148382577752086,3.0,0.0,0.0,3.0,0.6358143252389888,0.9896998544427724,0.05052471058510424
8940e3549bbffff,False,0.02844076635009682,5.0,0.0,0.0,5.0,10.99735855189151,7.001566449774101,0.6817918488166633
8940e3549c7ffff,True,0.0,0.0,0.0,0.0,0.0,0.0,0.0,0.0
8940e3549d3ffff,False,1.1102230246251565e-16,1.0,0.0,0.0,1.0,0.0,0.1441653346646079,1.3877787807814457e-17
8940e3549d7ffff,False,0.04711694653924853,3.0,0.0,1.0,2.0,0.5968658762060076,0.7809454060374539,1.0
8940e3549dbffff,True,0.0,0.0,0.0,0.0,0.0,0.0,0.0,0.0
8940e354c03ffff,True,0.0,0.0,0.0,0.0,0.0,0.5380673596530332,0.2780509932685773,0.0
8940e354c07ffff,True,0.0,0.0,0.0,0.0,0.0,0.3016805409117853,0.0,0.0
8940e354c0bffff,True,0.0,0.0,0.0,0.0,0.0,0.3906521061292604,0.0,0.0
8940e354c0fffff,False,0.002457810915102893,3.0,0.0,0.0,3.0,0.8716939878734034,1.9318514123179893,0.05527059202089635
8940e354c13ffff,False,0.0003775729335053295,1.0,0.0,0.0,1.0,0.2508717530285206,0.3532008725540325,0.019740688710907325
8940e354c17ffff,True,0.0,0.0,0.0,0.0,0.0,0.0,0.0,0.0
8940e354c1bffff,True,0.0,0.0,0.0,0.0,0.0,0.0,0.0,0.0
8940e354c23ffff,False,0.00125244176913229,3.0,0.0,0.0,3.0,0.642596034293587,1.312856761908938,0.04743101506159639
8940e354c27ffff,False,1.1102230246251565e-16,1.0,0.0,0.0,1.0,0.0,0.1493876059008244,0.0
8940e354c2bffff,False,0.0028504903192732058,2.0,0.0,0.0,2.0,0.8359241767296454,1.6628304893056836,0.04624705691038075
8940e354c2fffff,False,0.0010649520929236662,4.0,0.0,0.0,4.0,0.8067629622726527,1.208641371594955,0.06515948327920956
8940e354c33ffff,True,0.0,0.0,0.0,0.0,0.0,2.7851968359776524,1.595949656746787,0.0
8940e354c37ffff,False,0.07244062487104908,6.0,0.0,2.0,4.0,0.8068232729726027,1.1628431602653206,2.0
8940e354c3bffff,True,0.0,0.0,0.0,0.0,0.0,0.30147074414134,0.2025153947477617,0.0
8940e354c47ffff,True,0.0,0.0,0.0,0.0,0.0,0.2513651986196791,0.124163232465944,0.0
8940e354c53ffff,True,0.0,0.0,0.0,0.0,0.0,0.0,0.0,0.0
8940e354c63ffff,True,0.0,0.0,0.0,0.0,0.0,0.250100683430378,0.0,0.0
8940e354c67ffff,False,0.0005382467768947352,5.0,0.0,0.0,5.0,0.3798313826600299,1.4757126563538994,0.030341589143303038
8940e354c6fffff,False,0.0007184492343814911,2.0,0.0,0.0,2.0,0.3399882248435994,0.913048680018562,0.024495552047725203
8940e354c73ffff,False,0.0020817648760010354,5.0,0.0,0.0,5.0,0.9641663863481866,2.365999892476152,0.0689133839420692
8940e354c77ffff,False,0.001015217803408186,2.0,0.0,0.0,2.0,0.3305117596463399,1.2682786473137475,0.020081570208565963
8940e354c83ffff,False,0.15242514627950216,1.0,0.0,1.0,0.0,0.2947893430558908,0.9174462030888876,1.0
8940e354c87ffff,False,0.0031682654049319005,1.0,0.0,0.0,1.0,1.0509413769089997,1.053679658787848,0.06138830731917704
8940e354c8bffff,False,0.0004369274695425363,1.0,0.0,0.0,1.0,0.2230908057463688,0.4422849596021698,0.01643897662894927
8940e354c93ffff,False,0.0011577851212478067,2.0,0.0,0.0,2.0,0.4944237329259405,1.0581048162356146,0.034234326757608874
8940e354c97ffff,True,0.0,0.0,0.0,0.0,0.0,0.0,0.0,0.0
8940e354c9bffff,False,0.0012138552615344553,1.0,0.0,0.0,1.0,0.4813196145655827,0.6583952378695056,0.03200557865835702
8940e354ca3ffff,False,0.0053779143701249595,4.0,0.0,0.0,4.0,2.5862616717782654,2.420445194350369,0.18488382381964702
8940e354ca7ffff,False,0.23333475407736304,10.0,0.0,2.0,8.0,17.99347839605818,11.39884790235886,2.0086748840101034
8940e354cabffff,False,0.23864141794710358,6.0,0.0,2.0,4.0,15.223713962260057,8.220239087156132,2.0
8940e354cafffff,True,0.0,0.0,0.0,0.0,0.0,0.0,0.0,0.0
8940e354cb3ffff,False,0.0928634805530904,4.0,0.0,1.0,3.0,2.425910254676591,2.4799495788228763,1.0
8940e354cb7ffff,False,0.00020310984103996416,1.0,0.0,0.0,1.0,0.2229219862684836,0.2154983620526043,0.018975254987274884
8940e354cbbffff,True,0.0,0.0,0.0,0.0,0.0,0.5250958821667099,0.216450539288887,0.0
8940e354cc3ffff,True,0.0,0.0,0.0,0.0,0.0,0.2263205896944209,0.0,0.0
8940e354cc7ffff,True,0.0,0.0,0.0,0.0,0.0,0.6415637118827195,0.3389542639819784,0.0
8940e354ccbffff,False,1.1102230246251565e-16,1.0,0.0,0.0,1.0,0.0,0.1720471585010407,0.0
8940e354ccfffff,True,0.0,0.0,0.0,0.0,0.0,0.5081597751557649,0.1642739647541277,0.0
8940e354cd3ffff,False,0.000283434114014497,2.0,0.0,0.0,2.0,0.2540735907405294,0.4894463548004539,0.021097678807041942
8940e354cd7ffff,False,0.0014085105767636151,1.0,0.0,0.0,1.0,0.3978329077768304,0.8483343428953005,0.021340887105404667
8940e354cdbffff,True,0.0,0.0,0.0,0.0,0.0,0.0,0.0,0.0
8940e354d03ffff,False,0.10657388651569183,7.0,0.0,1.0,6.0,4.720013890121382,5.159112121681079,1.0
8940e354d07ffff,False,0.03816499455283574,3.0,0.0,0.0,3.0,12.419535022285189,8.418515062386652,0.6144073120053551
8940e354d0bffff,False,0.06860246229428474,3.0,0.0,1.0,2.0,3.1859642688566545,1.5745595476574272,1.0
8940e354d0fffff,False,0.003216342574259257,2.0,0.0,0.0,2.0,1.443926951779935,1.343648998622902,0.10043036168606234
8940e354d13ffff,False,0.1434228793848245,7.0,0.0,1.0,6.0,17.564589644828303,12.007636484491885,1.28315710005096
8940e354d17ffff,False,0.12153301246427334,14.0,0.0,1.0,13.0,12.584323649636469,12.934459371208236,1.163780491438742
8940e354d1bffff,False,0.012841742300073046,3.0,0.0,0.0,3.0,4.326713637672799,3.6943689634895054,0.25071173032641547
8940e354d23ffff,False,0.05020228203656983,8.0,0.0,0.0,8.0,16.64725661105025,12.667008633218748,0.9237236483091528
8940e354d27ffff,False,0.10955836431610849,19.0,0.0,1.0,18.0,11.971258508282194,14.182935720758694,1.2273602462414082
8940e354d2bffff,False,0.2522848308584106,6.0,0.0,2.0,4.0,10.844054908980109,7.51406036297749,2.0
8940e354d2fffff,False,0.3306043819257991,9.0,0.0,3.0,6.0,12.677222034726809,8.701625930911975,3.0
8940e354d33ffff,False,0.13642987824919645,9.0,0.0,1.0,8.0,13.787263151357353,11.550200614272942,1.1100295018202486
8940e354d37ffff,False,0.15760702756400918,13.0,0.0,1.0,12.0,21.62408253014881,20.800010386383512,1.258744816748992
8940e354d3bffff,False,0.03198790192720134,9.0,0.0,0.0,9.0,11.705433467037714,9.632209644168476,0.7223455741294105
8940e354d43ffff,True,0.0,0.0,0.0,0.0,0.0,0.0,0.0,0.0
8940e354d47ffff,False,0.08306251798078501,4.0,0.0,2.0,2.0,0.7498915899419338,0.9120391601817462,2.0
8940e354d4bffff,False,0.0554833765388521,3.0,0.0,1.0,2.0,0.7210256415467045,0.9389236107280414,1.0
8940e354d4fffff,False,0.000977540793635134,3.0,0.0,0.0,3.0,0.8847433794720274,0.8143844104535063,0.07342487850569696
8940e354d53ffff,False,0.07040714019715005,4.0,0.0,1.0,3.0,1.983237422219716,1.77951283131871,1.0
8940e354d57ffff,False,0.011289751327328783,3.0,0.0,0.0,3.0,4.823282706282926,3.1110545320956158,0.32074531968533393
8940e354d5bffff,False,0.001005220527467876,2.0,0.0,0.0,2.0,0.4759878284490763,0.9573843305744,0.03423078953957091
8940e354d63ffff,False,0.008450650713599447,3.0,0.0,0.0,3.0,3.2332879419913474,2.789416896389337,0.2064904347014278
8940e354d67ffff,False,0.003410703629664759,6.0,0.0,0.0,6.0,2.234891820966071,2.320558686514964,0.17497382750775026
8940e354d6bffff,False,0.00203813275108476,2.0,0.0,0.0,2.0,1.2275484407697157,0.9621950344115088,0.09384710887706194
8940e354d6fffff,False,0.004494811272391482,3.0,0.0,0.0,3.0,2.8243236754330034,1.631436679597401,0.2170410894608711
8940e354d73ffff,False,0.007521839710551537,4.0,0.0,0.0,4.0,3.0744482127277357,3.0066541817001906,0.20518001343280115
8940e354d77ffff,False,0.1331542804093065,10.0,0.0,1.0,9.0,11.611242261284769,11.189052042382023,1.0037938022615953
8940e354d7bffff,False,0.00822789028562242,3.0,0.0,0.0,3.0,3.322949484409301,2.684216797171583,0.21805698606113605
8940e354d83ffff,False,0.005319461044451209,1.0,0.0,0.0,1.0,1.7497117715861912,1.4215725904881398,0.09794597796881517
8940e354d87ffff,False,0.1018021330563384,27.0,0.0,1.0,26.0,16.575447610773015,18.306766955653263,1.6188730121662618
8940e354d8bffff,False,0.2987361092807813,8.0,0.0,2.0,6.0,13.923934495830744,12.160764982094063,2.0
8940e354d8fffff,False,0.27445631600284204,18.0,0.0,2.0,16.0,23.925647107372438,21.97143044471371,2.0
8940e354d93ffff,False,0.0011494816211264705,13.0,0.0,0.0,13.0,1.3630132942410755,2.3985346407944568,0.11711346961374458
8940e354d97ffff,False,0.10703220359690208,15.0,0.0,1.0,14.0,18.58668638177225,13.384747408624554,1.7159738811667322
8940e354d9bffff,False,0.14451040261653364,2.0,0.0,1.0,1.0,3.915437377305373,3.072823646954668,1.0
8940e354da3ffff,False,0.11807397413201742,15.0,0.0,1.0,14.0,15.486592367684825,14.028238403214957,1.3850430279723545
8940e354da7ffff,False,0.1616000983507327,5.0,0.0,1.0,4.0,15.157254537288182,11.200629911397987,1.0
8940e354dabffff,False,0.25993509610262466,10.0,0.0,2.0,8.0,17.519378285780334,12.80724699630365,2.0
8940e354dafffff,False,0.044721719404657176,5.0,0.0,0.0,5.0,15.215771641972772,10.22385021520226,0.830431861702813
8940e354db3ffff,False,0.07060235087795125,22.0,0.0,0.0,22.0,21.556074377835348,24.269511047615925,1.1829666556616485
8940e354db7ffff,False,0.10949411883592647,15.0,0.0,1.0,14.0,16.90560764540427,13.279337573354908,1.5721113800031565
8940e354dbbffff,False,0.10431338427061015,10.0,0.0,1.0,9.0,4.995439647582958,6.717587218466852,1.0
8940e354dc3ffff,False,0.13322094558003955,5.0,0.0,1.0,4.0,4.878191496934179,5.267969056921669,1.0
8940e354dc7ffff,False,0.20739773729126898,16.0,0.0,1.0,15.0,39.86144551824293,38.70977169428791,1.5724617510284378
8940e354dcbffff,True,0.0,0.0,0.0,0.0,0.0,0.0,0.0,0.0
8940e354dcfffff,False,0.139503362697403,8.0,0.0,1.0,7.0,16.878574402429713,12.166400173852294,1.275853950995858
8940e354dd3ffff,False,0.1975625303892244,6.0,0.0,1.0,5.0,30.666530602267844,29.31719100623365,1.0
8940e354dd7ffff,False,0.16729943785505044,11.0,0.0,1.0,10.0,29.66476720252493,24.06887852935626,1.5626451218407116
8940e354ddbffff,False,0.034999931073390125,2.0,0.0,0.0,2.0,11.421912965356404,7.603783132766297,0.5276813684845683
8940e356023ffff,True,0.0,0.0,0.0,0.0,0.0,0.0,0.0,0.0
8940e356027ffff,True,0.0,0.0,0.0,0.0,0.0,0.0,0.0,0.0
8940e35602bffff,True,0.0,0.0,0.0,0.0,0.0,0.0,0.0,0.0
8940e35602fffff,True,0.0,0.0,0.0,0.0,0.0,3.824507534362757,2.7426066101585165,0.0
8940e356103ffff,False,0.04656123528757644,8.0,0.0,1.0,7.0,1.411444936208358,2.0362173219442457,1.0
8940e356107ffff,False,0.0010423668732362007,5.0,0.0,0.0,5.0,0.8749007273489506,1.3467142983787432,0.07189921940800886
8940e35610bffff,False,0.12693284497348395,7.0,0.0,1.0,6.0,7.864120005747384,7.319395778406664,1.0
8940e35610fffff,False,0.06397395981003201,5.0,0.0,1.0,4.0,1.7727364783791364,1.9022785477800803,1.0
8940e356113ffff,False,0.002693307818492181,3.0,0.0,0.0,3.0,1.6589204592365243,1.3667792118167752,0.12766047292644184
8940e356117ffff,False,0.01590225679798764,1.0,0.0,0.0,1.0,5.127456250513875,3.4805335483161635,0.2382382232917101
8940e35611bffff,False,0.06362763370713514,2.0,0.0,1.0,1.0,0.5736146994143363,0.7346021021762299,1.0
8940e356123ffff,False,0.11885404943783523,3.0,0.0,1.0,2.0,3.569185299311424,2.9687784037245244,1.0
8940e356127ffff,False,0.0019433952162846609,17.0,0.0,0.0,17.0,1.7833082542254026,4.004985426204497,0.14860815012767348
8940e35612bffff,False,0.07192484621714029,2.0,0.0,1.0,1.0,0.8422788516191452,0.8824237462525971,1.0
8940e35612fffff,True,0.0,0.0,0.0,0.0,0.0,0.0,0.0,0.0
8940e356133ffff,False,0.0017133793825159782,2.0,0.0,0.0,2.0,0.91776800448233,0.9840382693133334,0.06819627202659803
8940e356137ffff,False,0.012841183994081719,2.0,0.0,0.0,2.0,4.176762442334651,3.2413663270554216,0.2275631951341704
8940e35613bffff,False,0.0233376431852009,3.0,0.0,0.0,3.0,7.53218775700545,5.609577502800047,0.39865329038341285
8940e356143ffff,False,0.0005173018527886266,1.0,0.0,0.0,1.0,0.3730146663619633,0.3535398264523011,0.029779629703932733
8940e356147ffff,False,0.0060568561124539205,2.0,0.0,0.0,2.0,2.693604522384962,1.804022408894919,0.18359038650792006
8940e35614bffff,False,2.7755575615628915e-18,1.0,0.0,0.0,1.0,0.0,0.1610903445363352,1.3877787807814457e-17
8940e35614fffff,False,0.0015030736139405925,1.0,0.0,0.0,1.0,0.7586932074756044,0.6131967142117246,0.054982482041163704
8940e35615bffff,True,0.0,0.0,0.0,0.0,0.0,3.1583721346829416,2.7738040703481084,0.0
8940e356163ffff,False,0.009569828027804289,3.0,0.0,0.0,3.0,3.501738605414296,3.0314332946099447,0.21722196389981333
8940e356167ffff,True,0.0,0.0,0.0,0.0,0.0,0.0,0.0,0.0
8940e35616bffff,True,0.0,0.0,0.0,0.0,0.0,0.0,0.0,0.0
8940e356173ffff,False,0.024128092487153557,12.0,0.0,0.0,12.0,11.060552347849018,8.733407146434201,0.7714315899447112
8940e356177ffff,False,0.002491830470832991,2.0,0.0,0.0,2.0,1.2569685204125065,1.1459727079252604,0.09134690061748085
8940e35617bffff,False,0.07865592414949402,4.0,0.0,1.0,3.0,2.978426910635775,2.189861733840348,1.0
8940e356183ffff,False,0.01517462509163503,9.0,0.0,0.0,9.0,6.848535195403524,6.139432341631519,0.47680555240855493
8940e356187ffff,False,0.45785475501798034,10.0,0.0,3.0,7.0,20.099598410947237,16.71778501493666,3.0
8940e35618bffff,False,0.039141711137052226,16.0,0.0,0.0,16.0,12.709777531729596,15.130503346744296,0.741495525996821
8940e35618fffff,False,0.22583008137556748,22.0,0.0,2.0,20.0,24.805048621585907,20.16067605306037,2.4847341787110118
8940e356193ffff,False,0.16100791065096393,4.0,0.0,1.0,3.0,11.575612591326598,8.687788170379966,1.0
8940e356197ffff,False,0.039231975864744556,19.0,0.0,0.0,19.0,15.954747318011965,14.87915387955572,1.0597304714621338
8940e35619bffff,False,0.026293861351524672,4.0,0.0,0.0,4.0,6.418020389345145,7.55055849736033,0.23006488616418097
8940e3561a3ffff,False,0.09898476080764168,9.0,0.0,0.0,9.0,28.55530892949535,33.74998946684428,0.5123597676982724
8940e3561a7ffff,False,0.25421677516592,11.0,0.0,2.0,9.0,12.331742400513166,11.511683285781803,2.0
8940e3561abffff,False,0.08198026716502743,7.0,0.0,1.0,6.0,2.732955810210902,3.489053042499048,1.0
8940e3561afffff,False,0.12376154774980003,10.0,0.0,1.0,9.0,8.189429874320908,9.165681709989816,1.0
8940e3561b3ffff,False,0.12420732267733464,17.0,0.0,1.0,16.0,9.516014584956682,14.13578728019598,1.0084815884881704
8940e3561b7ffff,False,0.17903753403062128,24.0,0.0,2.0,22.0,8.974577326760963,13.009351082896533,2.0
8940e3561bbffff,False,0.42860033929910424,17.0,0.0,3.0,14.0,20.67377298358501,21.05813209396999,3.0
8940e3561c7ffff,True,0.0,0.0,0.0,0.0,0.0,0.0,0.0,0.0
8940e356397ffff,False,5.551115123125783e-17,1.0,0.0,1.0,0.0,0.0,0.0,1.0
8940e356503ffff,False,0.3759456625595594,12.0,0.0,3.0,9.0,9.545979949169997,11.058713433962536,3.0
8940e356507ffff,False,0.1357143692719916,5.0,0.0,1.0,4.0,11.17535676808253,7.547436355989914,1.0
8940e35650bffff,False,0.10669451444223005,7.0,0.0,1.0,6.0,5.088928734760128,5.2683676376526005,1.0
8940e35650fffff,False,0.09099618253253433,12.0,0.0,1.0,11.0,12.439539606270316,8.439086436729514,1.4396974166692822
8940e356513ffff,False,0.004864341169531222,1.0,0.0,0.0,1.0,1.4127268672312006,1.416002587651482,0.0713650317379413
8940e356517ffff,False,0.03007582268221312,7.0,0.0,0.0,7.0,8.207761900684536,9.487352807435672,0.3927972439862071
8940e35651bffff,True,0.0,0.0,0.0,0.0,0.0,0.268560058970855,0.0,0.0
8940e356523ffff,False,0.2184761459222827,11.0,0.0,2.0,9.0,14.066108707281668,10.15697063285054,2.0
8940e356527ffff,False,0.15049326076052055,9.0,0.0,1.0,8.0,19.47840907845337,15.29869536702983,1.2832847328185442
8940e35652bffff,False,0.07707120061339362,2.0,0.0,1.0,1.0,0.7615477412756005,0.9314625165854454,1.0
8940e35652fffff,False,0.026454279964048526,3.0,0.0,0.0,3.0,9.002100534441002,6.0649144880380685,0.4921949078153188
8940e356533ffff,False,0.13325574656501066,7.0,0.0,1.0,6.0,7.620149152719234,7.660165314499904,1.0
8940e356537ffff,False,0.040041738587755185,6.0,0.0,0.0,6.0,12.946135925882686,10.016305013271763,0.6987942688197136
8940e35653bffff,False,0.13825150682557813,6.0,0.0,1.0,5.0,18.28532207401429,10.843069398973178,1.404820198411679
8940e356563ffff,False,0.10401476599956966,9.0,0.0,1.0,8.0,14.138792344725465,8.507412238988042,1.4551634048198172
8940e356567ffff,False,0.10256189104120034,8.0,0.0,1.0,7.0,4.055387765448511,5.294707804970128,1.0
8940e356573ffff,False,0.15332033716863586,3.0,0.0,1.0,2.0,12.121861484984212,7.313662359566876,1.0
8940e356577ffff,False,0.1261507711760988,5.0,0.0,1.0,4.0,12.74674072036894,7.346211227454241,1.1782487254468699
8940e356583ffff,False,0.003595764573844697,1.0,0.0,0.0,1.0,1.329465864472161,1.0723207067693656,0.0824733335732791
8940e356587ffff,False,0.1385012362516294,4.0,0.0,1.0,3.0,7.537768564801778,5.721498685235116,1.0
8940e35658bffff,False,0.03334495366886531,1.0,0.0,1.0,0.0,0.0,0.1667247683443261,1.0
8940e35658fffff,False,0.016483905990508217,2.0,0.0,0.0,2.0,5.069566208478906,3.984103174993593,0.2532799374311846
8940e356593ffff,True,0.0,0.0,0.0,0.0,0.0,0.0,0.0,0.0
8940e356597ffff,False,0.0028595019129983527,3.0,0.0,0.0,3.0,1.7796360641335351,1.3837741240557109,0.137195777563873
8940e3565a3ffff,True,0.0,0.0,0.0,0.0,0.0,0.0,0.0,0.0
8940e3565a7ffff,True,0.0,0.0,0.0,0.0,0.0,2.4325204674974787,1.5764480986081668,0.0
8940e3565abffff,False,0.15308647151029203,3.0,0.0,1.0,2.0,7.024855954048947,5.426570302314633,1.0
8940e3565afffff,False,0.024457482685395493,3.0,0.0,0.0,3.0,8.217094740423379,5.729204820140704,0.44839048490660266
8940e3565b3ffff,True,0.0,0.0,0.0,0.0,0.0,0.7437364778102502,0.4427228805928939,0.0
8940e3565b7ffff,False,0.0008844868165456266,2.0,0.0,0.0,2.0,0.606820174645269,0.7094152019021276,0.04802416276153579
8940e3565bbffff,False,0.16551016407342606,3.0,0.0,1.0,2.0,9.155864827836195,6.998517561339148,1.0
8940e356803ffff,True,0.0,0.0,0.0,0.0,0.0,0.2316593557372227,0.3661326825058761,0.0
8940e35680bffff,False,0.01053889686898046,1.0,0.0,0.0,1.0,3.1437083629740417,2.472700582725976,0.1437729879803423
8940e35680fffff,True,0.0,0.0,0.0,0.0,0.0,0.0,0.0,0.0
8940e356813ffff,False,0.012588729638639884,1.0,0.0,0.0,1.0,3.603580201038596,2.9961190217583407,0.14292187609176377
8940e35681bffff,False,0.012474321948185166,7.0,0.0,0.0,7.0,4.134445453365974,5.797219745824014,0.24758687804075635
8940e356843ffff,False,0.0017493892834473503,1.0,0.0,0.0,1.0,0.7122921748185443,0.7323805970622131,0.0475435359527542
8940e356847ffff,False,0.0006982362111595366,3.0,0.0,0.0,3.0,0.4911701383084464,0.9464932470968136,0.03915389195569549
8940e35684bffff,False,0.0019025661012197943,2.0,0.0,0.0,2.0,1.0909026164120428,0.9706214161679064,0.08245524637896273
8940e35684fffff,False,2.7755575615628915e-18,1.0,0.0,0.0,1.0,0.0,0.2511880701052233,1.3877787807814457e-17
8940e356853ffff,False,0.01461382356904338,4.0,0.0,0.0,4.0,4.77721944388693,4.566779683867504,0.2738565298377975
8940e356857ffff,True,0.0,0.0,0.0,0.0,0.0,0.0,0.0,0.0
8940e35685bffff,False,0.015996360316789277,7.0,0.0,0.0,7.0,7.169943274793995,5.45935078223947,0.4943014655078163
8940e356863ffff,False,0.00038977355192088307,1.0,0.0,0.0,1.0,0.3129051316470404,0.3077033521798857,0.025485612368597046
8940e35686bffff,False,0.002932225847183296,3.0,0.0,0.0,3.0,1.5913557159884153,1.5200147952065313,0.11850866881855884
8940e35686fffff,True,0.0,0.0,0.0,0.0,0.0,0.0,0.0,0.0
8940e356873ffff,False,0.01989914129312778,4.0,0.0,0.0,4.0,7.15850818897487,5.261381758024977,0.4287945573030554
8940e35687bffff,False,0.00023023264590317505,1.0,0.0,0.0,1.0,0.2206932721555468,0.2449122400019531,0.018476083037415172
8940e356883ffff,False,0.08879090006383389,20.0,0.0,0.0,20.0,22.840072674707702,28.422215186579823,1.006158630251835
8940e35688bffff,False,0.09834429588264704,1.0,0.0,1.0,0.0,0.0,0.4917214794132349,1.0
8940e35688fffff,False,0.006754350366121098,1.0,0.0,0.0,1.0,1.812515501903868,1.8245111619984848,0.07835129297086235
8940e356893ffff,False,0.0023014669001572563,3.0,0.0,0.0,3.0,1.2235802101627875,1.4413766047482894,0.09082873986468556
8940e35689bffff,False,0.05269357404749814,26.0,0.0,0.0,26.0,18.25806797578536,22.013941804076172,1.1183245546908134
8940e3568c3ffff,False,0.011723782245516859,5.0,0.0,0.0,5.0,5.312297005430607,3.926451507711384,0.3674939182879744
8940e3568c7ffff,False,0.09191902028286308,16.0,0.0,1.0,15.0,9.211256132439818,9.69680581456258,1.1899271068038617
8940e3568cbffff,False,0.019785161637000996,2.0,0.0,0.0,2.0,6.734137962835287,4.437610808738049,0.36317223647197505
8940e3568cfffff,False,0.012743173279657814,2.0,0.0,0.0,2.0,4.777348323462074,3.064020321757454,0.28863202678174993
8940e3568d3ffff,False,0.07832546751600483,7.0,0.0,1.0,6.0,3.980479010876196,3.577880466362506,1.0
8940e3568d7ffff,False,0.3162142127954106,19.0,0.0,3.0,16.0,18.16883987431836,15.281059838575596,3.0
8940e3568dbffff,False,0.03580148950461347,13.0,0.0,0.0,13.0,12.457632982861618,12.513443060773586,0.7556020864788653
8940e356927ffff,True,0.0,0.0,0.0,0.0,0.0,0.0,0.0,0.0
8940e35692fffff,True,0.0,0.0,0.0,0.0,0.0,0.2639921474986934,0.0,0.0
8940e35696fffff,True,0.0,0.0,0.0,0.0,0.0,0.3231432702887549,0.0,0.0
8940e356a03ffff,False,0.0011206197753960145,4.0,0.0,0.0,4.0,0.9538414786904876,1.1097680134404504,0.07849313826959764
8940e356a07ffff,True,0.0,0.0,0.0,0.0,0.0,0.0,0.0,0.0
8940e356a0bffff,False,0.0004711303881099445,1.0,0.0,0.0,1.0,0.2255657973737668,0.46984545199874,0.016287342057809996
8940e356a0fffff,False,0.002300266028585308,12.0,0.0,0.0,12.0,1.050619788503882,5.318752101827454,0.07498748543666767
8940e356a13ffff,False,0.06419933903781444,4.0,0.0,1.0,3.0,1.567045390776563,1.551520304616468,1.0
8940e356a17ffff,True,0.0,0.0,0.0,0.0,0.0,0.0,0.0,0.0
8940e356a1bffff,False,0.000940681063900245,1.0,0.0,0.0,1.0,0.3506216270157573,0.641341816842851,0.022752067094157988
8940e356a23ffff,False,0.000710488875413251,5.0,0.0,0.0,5.0,0.7165535834696783,1.1066643683152633,0.060430638240800194
8940e356a27ffff,True,0.0,0.0,0.0,0.0,0.0,0.5107894613451207,0.1505966754476194,0.0
8940e356a2bffff,False,0.0015194842875619896,8.0,0.0,0.0,8.0,0.8967441825575707,2.8618309838949894,0.06888979176962051
8940e356a2fffff,False,2.220446049250313e-16,2.0,0.0,0.0,2.0,0.0,0.3504115646405982,2.7755575615628914e-17
8940e356a33ffff,False,0.00077002842108247,8.0,0.0,0.0,8.0,0.8512641414818906,1.5802439069645058,0.07259637762341242
8940e356a3bffff,True,0.0,0.0,0.0,0.0,0.0,0.0,0.0,0.0
8940e356a43ffff,False,0.0013614787981677118,1.0,0.0,0.0,1.0,0.5092441138117704,0.7063343529109869,0.0328698236342728
8940e356a47ffff,False,0.00026503218101736354,1.0,0.0,0.0,1.0,0.1873394249872698,0.319288086874235,0.014942007371036917
8940e356a4bffff,True,0.0,0.0,0.0,0.0,0.0,0.1860053244754122,0.0,0.0
8940e356a4fffff,False,0.003974862615886244,5.0,0.0,0.0,5.0,1.9439317609414104,2.5649677789886143,0.1407009645166007
8940e356a57ffff,False,0.001626039823900017,2.0,0.0,0.0,2.0,0.6558241608328579,1.1767161134324031,0.044209314017935056
8940e356a5bffff,False,0.08725625759074379,1.0,0.0,1.0,0.0,0.616765284961481,0.5828624485164192,1.0
8940e356a63ffff,True,0.0,0.0,0.0,0.0,0.0,1.07884793705859,0.6749646746308053,0.0
8940e356a67ffff,True,0.0,0.0,0.0,0.0,0.0,0.1819922313420334,0.0,0.0
8940e356a6bffff,False,0.0017465735239308548,1.0,0.0,0.0,1.0,0.6160932797295068,0.7935572011707424,0.03831025075546333
8940e356a6fffff,False,0.0011791148426596454,2.0,0.0,0.0,2.0,0.5484656656954117,0.9973853113842712,0.03916107705853952
8940e356a73ffff,True,0.0,0.0,0.0,0.0,0.0,0.3548407011604702,0.0,0.0
8940e356a77ffff,False,0.0011092851559725836,5.0,0.0,0.0,5.0,0.7572413401752485,1.6082936972410355,0.06002092127794939
8940e356a7bffff,True,0.0,0.0,0.0,0.0,0.0,0.302366320124509,0.0,0.0
8940e356a83ffff,True,0.0,0.0,0.0,0.0,0.0,0.0,0.0,0.0
8940e356a87ffff,False,0.01895433149506614,3.0,0.0,0.0,3.0,7.594960511523935,4.468964834843376,0.4771100143366085
8940e356a8bffff,False,0.0012602887370048565,5.0,0.0,0.0,5.0,1.1262296694600595,1.3130470791544644,0.0933688210612369
8940e356a8fffff,True,0.0,0.0,0.0,0.0,0.0,0.451671360071901,0.1875997157381959,0.0
8940e356a93ffff,False,0.013228131033862424,2.0,0.0,0.0,2.0,4.459862100238115,3.266071848702043,0.2494852272245685
8940e356a97ffff,False,0.001064566836995344,97.0,0.0,0.0,97.0,4.565283197208782,4.893165736793174,0.42101801325579125
8940e356a9bffff,False,0.0009846765526786124,1.0,0.0,0.0,1.0,0.4130182816570145,0.5996781334747622,0.028223088640655675
8940e356aa3ffff,False,0.013653556409106392,4.0,0.0,0.0,4.0,5.93603110107115,3.89242507856395,0.3991994956095831
8940e356aa7ffff,False,0.006346976847755897,1.0,0.0,0.0,1.0,2.1782685395644257,1.575865481977492,0.12399550650580414
8940e356aabffff,False,0.13362897600013995,7.0,0.0,1.0,6.0,11.118465234813272,8.892603689134736,1.0
8940e356aafffff,False,0.004004032790041346,4.0,0.0,0.0,4.0,1.946594879948193,2.189356928918936,0.14025191015936264
8940e356ab3ffff,False,0.0036184272355666465,6.0,0.0,0.0,6.0,2.626475068473284,2.1914317950356828,0.20975386454792327
8940e356ab7ffff,True,0.0,0.0,0.0,0.0,0.0,0.4366961989071738,0.1860296538004454,0.0
8940e356abbffff,False,0.10339144506554093,10.0,0.0,1.0,9.0,12.464989452322596,8.604694593541772,1.3370211073368523
8940e356ac3ffff,True,0.0,0.0,0.0,0.0,0.0,0.0,0.0,0.0
8940e356ac7ffff,True,0.0,0.0,0.0,0.0,0.0,1.512975069078968,1.1511104616870784,0.0
8940e356acbffff,False,0.00605138286255463,1.0,0.0,0.0,1.0,1.3518875807397657,1.9014188105622247,0.0405488974470427
8940e356acfffff,False,0.003889470018229802,5.0,0.0,0.0,5.0,1.7071340468885945,2.7485019270293205,0.11908289847424836
8940e356ad3ffff,True,0.0,0.0,0.0,0.0,0.0,0.1927818894156543,0.0,0.0
8940e356ad7ffff,False,0.0019204380928412312,1.0,0.0,0.0,1.0,0.6626339234119691,0.8315445090068363,0.04056252425286263
8940e356adbffff,True,0.0,0.0,0.0,0.0,0.0,1.0789722383225278,0.5050577222270836,0.0
8940e356b23ffff,False,0.03942068329186428,6.0,0.0,0.0,6.0,12.349247561641157,10.027758851315228,0.6488426172985733
8940e356b27ffff,False,0.008840914020240277,4.0,0.0,0.0,4.0,3.7335048740250176,3.1644855852327933,0.2515580383243633
8940e356b2bffff,False,0.1070579803348568,8.0,1.0,1.0,7.0,7.169960404352861,6.203872319887372,2.0
8940e356b2fffff,False,0.22550021530808595,10.0,0.0,2.0,8.0,7.977921259074837,8.202083283662317,2.0
8940e356b33ffff,True,0.0,0.0,0.0,0.0,0.0,0.0,0.0,0.0
8940e356b37ffff,False,0.09463314810331896,11.0,0.0,0.0,11.0,22.731509945927247,27.219629442999405,0.6084576134517511
8940e356b3bffff,False,0.0029948534194933884,1.0,0.0,0.0,1.0,1.1882146019080215,0.9430046391008616,0.07707249576563746
8940e356b4bffff,True,0.0,0.0,0.0,0.0,0.0,0.6339830119485942,0.2760713207407918,0.0
8940e356b53ffff,False,0.001401368928251323,4.0,0.0,0.0,4.0,0.9188691122636886,1.4102622208495237,0.0721288729941491
8940e356b5bffff,False,0.00027382980090992774,1.0,0.0,0.0,1.0,0.1996988863737916,0.3127265062145833,0.01601886017734934
8940e356b63ffff,False,0.001733793531797024,4.0,0.0,0.0,4.0,1.158144884222135,1.4418859505584358,0.09117398563615342
8940e356b67ffff,False,0.13359599765927826,9.0,0.0,1.0,8.0,10.197805864821651,10.020479119609153,1.0
8940e356b6bffff,False,0.029110190926974353,5.0,0.0,0.0,5.0,9.18678546528653,7.667360547322683,0.4926190236373436
8940e356b6fffff,False,0.12604647682123682,19.0,0.0,1.0,18.0,21.68208621355078,19.18367418673424,1.7245384766230039
8940e356b77ffff,True,0.0,0.0,0.0,0.0,0.0,0.9727688417634132,0.6128046042357562,0.0
8940e356b7bffff,True,0.0,0.0,0.0,0.0,0.0,0.5824968664903022,0.137927328759598,0.0
8940e356bc3ffff,False,0.012126424672250377,1.0,0.0,0.0,1.0,3.3588118548034926,2.972583144741203,0.1234408178683814
8940e356bcbffff,False,0.009283937352030501,4.0,0.0,0.0,4.0,4.525889409810764,3.0188832514209505,0.3214394586931178
8940e356bd3ffff,False,0.001865117252873483,1.0,0.0,0.0,1.0,0.76723090613137,0.7466328263958788,0.05135571785505111
8940e356bdbffff,False,0.015298078459550647,2.0,0.0,0.0,2.0,3.6791171714120767,4.328524742480578,0.11489801144413411
8940e356c03ffff,True,0.0,0.0,0.0,0.0,0.0,0.0,0.0,0.0
8940e356c07ffff,True,0.0,0.0,0.0,0.0,0.0,0.0,0.0,0.0
8940e356c0bffff,True,0.0,0.0,0.0,0.0,0.0,0.0,0.0,0.0
8940e356c0fffff,True,0.0,0.0,0.0,0.0,0.0,0.0,0.0,0.0
8940e356c13ffff,True,0.0,0.0,0.0,0.0,0.0,0.2707172027812017,0.0,0.0
8940e356c1bffff,False,0.003548233274044049,2.0,0.0,0.0,2.0,2.324372123656382,1.15074185438667,0.1798623327853737
8940e356c2bffff,False,0.007465128029998665,2.0,0.0,0.0,2.0,3.4432890650928427,2.003368420429104,0.23637817233117672
8940e356c3bffff,False,0.006427074252815829,1.0,0.0,0.0,1.0,2.6234268008745705,1.4992352142208405,0.16626329712759202
8940e356c43ffff,False,0.0003387579327259111,1.0,0.0,0.0,1.0,0.2941621206583236,0.2822376629862739,0.024264500907331704
8940e356c4bffff,True,0.0,0.0,0.0,0.0,0.0,0.0,0.0,0.0
8940e356c4fffff,False,0.016443684735123636,5.0,0.0,0.0,5.0,6.121302312782968,5.094124691077128,0.38280223337224606
8940e356c53ffff,False,0.033793861612610165,3.0,0.0,1.0,2.0,0.0,0.5069079241891555,1.0
8940e356c5bffff,True,0.0,0.0,0.0,0.0,0.0,0.2653556904279517,0.0,0.0
8940e356c63ffff,False,0.10478852661091748,5.0,0.0,1.0,4.0,5.290766751349472,4.127681213616868,1.0
8940e356c67ffff,False,0.1265855693471732,10.0,0.0,1.0,9.0,17.293924218003692,12.338845793805625,1.4342635264987806
8940e356c6bffff,False,0.0035611097279027847,2.0,0.0,0.0,2.0,1.5015718606786996,1.4466135462116434,0.10167992902453633
8940e356c6fffff,False,0.022951464260847487,9.0,1.0,0.0,9.0,7.921313433137697,7.959631712979901,1.4967000795187213
8940e356c73ffff,False,0.002184203200333407,3.0,0.0,0.0,3.0,1.3003168861833962,1.3172598061166871,0.0994514118882083
8940e356c77ffff,False,0.20338958181349087,11.0,0.0,2.0,9.0,11.319265683369512,8.707295234504207,2.0
8940e356c7bffff,False,0.04424916349479724,4.0,0.0,0.0,4.0,14.285896188086491,9.951839062249263,0.7180594345305544
8940e356c83ffff,False,0.5643897712409871,8.0,0.0,4.0,4.0,11.156204068345872,10.296179744043808,4.0
8940e356c87ffff,True,0.0,0.0,0.0,0.0,0.0,0.0,0.0,0.0
8940e356c8bffff,False,0.0018820561653238302,1.0,0.0,0.0,1.0,0.5904063381078333,0.8710234475348455,0.034010685365848274
8940e356c8fffff,False,0.006632675777794684,3.0,0.0,0.0,3.0,3.1579272447185143,2.237070956693332,0.22274060057853656
8940e356c93ffff,False,0.0005239991965109055,5.0,0.0,0.0,5.0,0.5785035146959372,0.9955086525121742,0.049323524347471226
8940e356c9bffff,False,0.005832930419502651,1.0,0.0,0.0,1.0,2.201161124987795,1.436797306299682,0.13433335332286156
8940e356cabffff,True,0.0,0.0,0.0,0.0,0.0,0.0,0.0,0.0
8940e356cbbffff,False,0.03304283843660044,1.0,0.0,1.0,0.0,0.1925531515384136,0.1815699711669723,1.0
8940e356cc3ffff,False,0.22393761343396046,14.0,0.0,2.0,12.0,12.33953227941192,11.7350469216878,2.0
8940e356cc7ffff,False,0.156537641319124,3.0,0.0,1.0,2.0,10.119595065563436,6.800679329902701,1.0
8940e356ccbffff,False,0.02591055952986522,3.0,0.0,0.0,3.0,6.6805676808486245,6.814468587686806,0.24327672831514932
8940e356ccfffff,True,0.0,0.0,0.0,0.0,0.0,0.3007727537004042,0.1842973714234767,0.0
8940e356cd3ffff,False,0.12353128495078353,2.0,0.0,1.0,1.0,3.4196377110164264,2.385547256199759,1.0
8940e356cd7ffff,False,0.03632477060228685,4.0,0.0,0.0,4.0,11.139790929928145,8.61685659371609,0.5456959622964547
8940e356cdbffff,False,0.21998615976167957,18.0,0.0,2.0,16.0,12.14745916427059,13.730206309052356,2.0
8940e356e0bffff,False,0.01774984989805406,1.0,0.0,0.0,1.0,5.878837429461319,3.821610571779477,0.2772669665239055
8940e356e0fffff,True,0.0,0.0,0.0,0.0,0.0,1.6810828603095025,0.7479888039414516,0.0
8940e356e1bffff,True,0.0,0.0,0.0,0.0,0.0,0.1944782640320393,0.0,0.0
8940e356e23ffff,False,0.22124744513076922,25.0,0.0,2.0,23.0,24.035716339412197,21.241861113435174,2.4657321533111145
8940e356e27ffff,False,0.044721698000873444,11.0,0.0,0.0,11.0,15.232119510642327,13.087898947214663,0.8922695575669402
8940e356e2bffff,False,0.12105594518339374,14.0,0.0,1.0,13.0,16.83073764232232,14.201219114876288,1.444801357889512
8940e356e2fffff,False,0.21770158251453753,16.0,0.0,2.0,14.0,16.56464812679636,13.676517028954157,2.008174755591533
8940e356e33ffff,False,0.015952733738790498,5.0,0.0,0.0,5.0,6.402162322050322,4.84946517134637,0.41651262166420294
8940e356e37ffff,False,0.1101402523093663,18.0,0.0,1.0,17.0,21.05099770268628,15.883216702485909,1.867716969864112
8940e356e3bffff,False,0.1791535626453269,15.0,0.0,1.0,14.0,29.98349430674881,29.2870242180145,1.4223783763195217
8940e356e43ffff,False,0.12085423924700739,7.0,0.0,1.0,6.0,7.94408428183263,6.942906104326563,1.0
8940e356e47ffff,False,0.00026746763061318013,1.0,0.0,0.0,1.0,0.2599628900123229,0.2480038457815305,0.021794564190359633
8940e356e4bffff,False,0.15399150211200247,1.0,0.0,1.0,0.0,3.00166322534189,2.0759164801151853,1.0
8940e356e4fffff,True,0.0,0.0,0.0,0.0,0.0,0.9172499982462378,0.3806085370957149,0.0
8940e356e53ffff,True,0.0,0.0,0.0,0.0,0.0,0.0,0.0,0.0
8940e356e57ffff,False,0.060888325592774184,5.0,0.0,1.0,4.0,1.8513164179566155,1.8207453438331151,1.0
8940e356e5bffff,True,0.0,0.0,0.0,0.0,0.0,0.0,0.0,0.0
8940e356e63ffff,False,0.12442600251258079,7.0,0.0,1.0,6.0,12.23258632797228,8.499818417010585,1.1427430123576339
8940e356e67ffff,False,0.010672918062774945,1.0,0.0,0.0,1.0,3.542828449537565,2.386327077271744,0.1845770871694948
8940e356e6bffff,False,0.01315996870474926,7.0,0.0,0.0,7.0,5.2659903114415245,5.321944854708052,0.3481476599108496
8940e356e6fffff,False,0.0012372186937170855,2.0,0.0,0.0,2.0,0.7490115178952023,0.834097387835996,0.057586824021525276
8940e356e73ffff,False,0.1874856967640282,4.0,0.0,1.0,3.0,18.78246737571568,15.351958055893734,1.0
8940e356e77ffff,False,0.04508129762415365,12.0,0.0,0.0,12.0,16.710925158940483,13.17199117798845,1.0358603135856828
8940e356e7bffff,False,0.18301235079130934,2.0,0.0,1.0,1.0,7.96223732941593,6.534569161291981,1.0
8940e356e8bffff,False,0.00220938308357912,4.0,0.0,0.0,4.0,1.1215591096264423,1.8490493505865744,0.08237581117676848
8940e356e93ffff,False,0.00012990316408291198,4.0,0.0,0.0,4.0,0.2165944269239325,0.5120323950899265,0.01916403036815556
8940e356e9bffff,True,0.0,0.0,0.0,0.0,0.0,0.0,0.0,0.0
8940e356ea7ffff,True,0.0,0.0,0.0,0.0,0.0,0.0,0.0,0.0
8940e356eafffff,True,0.0,0.0,0.0,0.0,0.0,0.3432324524822975,0.0,0.0
8940e356eb3ffff,True,0.0,0.0,0.0,0.0,0.0,0.0,0.0,0.0
8940e356eb7ffff,True,0.0,0.0,0.0,0.0,0.0,0.0,0.0,0.0
8940e356ec3ffff,True,0.0,0.0,0.0,0.0,0.0,0.0,0.0,0.0
8940e356ec7ffff,False,0.00702728022568835,2.0,0.0,0.0,2.0,2.3845494980209865,2.1992625342273744,0.14058753104686217
8940e356ecfffff,True,0.0,87.0,0.0,0.0,87.0,0.0,0.0,0.0
8940e3ccb27ffff,True,0.0,0.0,0.0,0.0,0.0,0.3047229001518708,0.0,0.0
8940e3ccb2fffff,False,0.001636402300006723,3.0,0.0,0.0,3.0,1.1025651487729484,1.1268432142588798,0.0868429268571875
