run_timestamp,model_type,scale_tag,split_mode,train_size,valid_size,train_time_range,valid_time_range,rent_best_iteration,return_best_iteration,rent_best_test,return_best_test,rent_final_metric,return_final_metric,rent_classifier_logloss,rent_regressor_poisson_pos,return_classifier_logloss,return_regressor_poisson_pos,cb_loss_function,cb_eval_metric,cb_learning_rate,cb_depth,cb_l2_leaf_reg,cb_od_wait,cb_iterations
auto_cb_20260417_103732_001,CB,all,time,546336,136584,2025-09-10 00:00:00 -> 2025-10-14 19:00:00,2025-10-14 19:00:00 -> 2025-10-23 11:00:00,426,361,-2.132602693214432,-2.1117352691384057,1.0703721946836449,1.173377268335014,,,,,Poisson,Poisson,0.015,8,3.0,15,3000
auto_cb_20260417_103814_002,CB,all,time,546336,136584,2025-09-10 00:00:00 -> 2025-10-14 19:00:00,2025-10-14 19:00:00 -> 2025-10-23 11:00:00,450,361,-2.1301566252269666,-2.1139987571750716,1.075263457108445,1.1688498234267708,,,,,Poisson,Poisson,0.015,8,3.0,30,3000
auto_cb_20260417_104339_001,CB,all,time,546336,136584,2025-09-10 00:00:00 -> 2025-10-14 19:00:00,2025-10-14 19:00:00 -> 2025-10-23 11:00:00,358,361,-2.126443479836584,-2.1117354979353364,1.0826897568174305,1.1733771171992982,,,,,Poisson,Poisson,0.015,8,3.0,15,3000
auto_cb_20260417_104420_002,CB,all,time,546336,136584,2025-09-10 00:00:00 -> 2025-10-14 19:00:00,2025-10-14 19:00:00 -> 2025-10-23 11:00:00,450,361,-2.130149761319042,-2.111737328310783,1.0752785232682935,1.173373870735742,,,,,Poisson,Poisson,0.015,8,3.0,30,3000
auto_cb_20260417_104501_003,CB,all,time,546336,136584,2025-09-10 00:00:00 -> 2025-10-14 19:00:00,2025-10-14 19:00:00 -> 2025-10-23 11:00:00,426,361,-2.1325587642037136,-2.1118835295495813,1.070460326839529,1.1730801467456375,,,,,Poisson,Poisson,0.015,8,4.0,15,3000
auto_cb_20260417_104543_004,CB,all,time,546336,136584,2025-09-10 00:00:00 -> 2025-10-14 19:00:00,2025-10-14 19:00:00 -> 2025-10-23 11:00:00,434,361,-2.1306162782609968,-2.111884215940374,1.0743454674054005,1.173078274877339,,,,,Poisson,Poisson,0.015,8,4.0,30,3000
auto_cb_20260417_104625_005,CB,all,time,546336,136584,2025-09-10 00:00:00 -> 2025-10-14 19:00:00,2025-10-14 19:00:00 -> 2025-10-23 11:00:00,428,321,-2.131291229206935,-2.1079388416652023,1.0729944963040283,1.18097018133624,,,,,Poisson,Poisson,0.015,8,5.0,15,3000
auto_cb_20260417_104704_006,CB,all,time,546336,136584,2025-09-10 00:00:00 -> 2025-10-14 19:00:00,2025-10-14 19:00:00 -> 2025-10-23 11:00:00,428,361,-2.1312967203332747,-2.1110193635418497,1.0729827633092357,1.1748092057690016,,,,,Poisson,Poisson,0.015,8,5.0,30,3000
auto_cb_20260417_104745_007,CB,all,time,546336,136584,2025-09-10 00:00:00 -> 2025-10-14 19:00:00,2025-10-14 19:00:00 -> 2025-10-23 11:00:00,325,338,-2.128799630630235,-2.1148192229690155,1.0779782373645974,1.1672093719773333,,,,,Poisson,Poisson,0.015,9,3.0,15,3000
auto_cb_20260417_104831_008,CB,all,time,546336,136584,2025-09-10 00:00:00 -> 2025-10-14 19:00:00,2025-10-14 19:00:00 -> 2025-10-23 11:00:00,386,429,-2.1321661486704153,-2.118911027279916,1.071244390290995,1.1590258651966538,,,,,Poisson,Poisson,0.015,9,3.0,30,3000
auto_cb_20260417_104928_009,CB,all,time,546336,136584,2025-09-10 00:00:00 -> 2025-10-14 19:00:00,2025-10-14 19:00:00 -> 2025-10-23 11:00:00,353,361,-2.130175844169156,-2.121523430636092,1.075226130378184,1.15379915160902,,,,,Poisson,Poisson,0.015,9,4.0,15,3000
auto_cb_20260417_105019_010,CB,all,time,546336,136584,2025-09-10 00:00:00 -> 2025-10-14 19:00:00,2025-10-14 19:00:00 -> 2025-10-23 11:00:00,386,425,-2.1310175880776665,-2.125154437928308,1.0735411005904196,1.146537689230257,,,,,Poisson,Poisson,0.015,9,4.0,30,3000
auto_cb_20260417_105108_011,CB,all,time,546336,136584,2025-09-10 00:00:00 -> 2025-10-14 19:00:00,2025-10-14 19:00:00 -> 2025-10-23 11:00:00,353,274,-2.1297216822614655,-2.1111776910179816,1.0761341938955702,1.1744913063872722,,,,,Poisson,Poisson,0.015,9,5.0,15,3000
auto_cb_20260417_105144_012,CB,all,time,546336,136584,2025-09-10 00:00:00 -> 2025-10-14 19:00:00,2025-10-14 19:00:00 -> 2025-10-23 11:00:00,424,424,-2.13303672099221,-2.122284409228021,1.0695055731261247,1.1522769187859303,,,,,Poisson,Poisson,0.015,9,5.0,30,3000
auto_cb_20260417_105230_013,CB,all,time,546336,136584,2025-09-10 00:00:00 -> 2025-10-14 19:00:00,2025-10-14 19:00:00 -> 2025-10-23 11:00:00,305,337,-2.129452388273883,-2.1169204939817257,1.076673251614601,1.1630054296796684,,,,,Poisson,Poisson,0.015,10,3.0,15,3000
auto_cb_20260417_105326_014,CB,all,time,546336,136584,2025-09-10 00:00:00 -> 2025-10-14 19:00:00,2025-10-14 19:00:00 -> 2025-10-23 11:00:00,344,346,-2.1313683337726235,-2.1179404706993497,1.0728405927694045,1.160964840049208,,,,,Poisson,Poisson,0.015,10,3.0,30,3000
auto_cb_20260417_105426_015,CB,all,time,546336,136584,2025-09-10 00:00:00 -> 2025-10-14 19:00:00,2025-10-14 19:00:00 -> 2025-10-23 11:00:00,329,337,-2.1304009803490893,-2.117825614640075,1.0747753225153365,1.1611962685611459,,,,,Poisson,Poisson,0.015,10,4.0,15,3000
auto_cb_20260417_105520_016,CB,all,time,546336,136584,2025-09-10 00:00:00 -> 2025-10-14 19:00:00,2025-10-14 19:00:00 -> 2025-10-23 11:00:00,329,337,-2.1304005227552274,-2.1178263010308673,1.0747749124538795,1.16119458461628,,,,,Poisson,Poisson,0.015,10,4.0,30,3000
auto_cb_20260417_105617_017,CB,all,time,546336,136584,2025-09-10 00:00:00 -> 2025-10-14 19:00:00,2025-10-14 19:00:00 -> 2025-10-23 11:00:00,305,341,-2.1295141634452057,-2.118886546008317,1.0765484035350665,1.1590732370734822,,,,,Poisson,Poisson,0.015,10,5.0,15,3000
auto_cb_20260417_105711_018,CB,all,time,546336,136584,2025-09-10 00:00:00 -> 2025-10-14 19:00:00,2025-10-14 19:00:00 -> 2025-10-23 11:00:00,326,329,-2.1306771382445966,-2.1159641228108708,1.0742238066282674,1.1649189196255105,,,,,Poisson,Poisson,0.015,10,5.0,30,3000
auto_cb_20260417_105809_019,CB,all,time,546336,136584,2025-09-10 00:00:00 -> 2025-10-14 19:00:00,2025-10-14 19:00:00 -> 2025-10-23 11:00:00,339,299,-2.1318327915422013,-2.1171474605371055,1.0719096085010633,1.1625541743901016,,,,,Poisson,Poisson,0.02,8,3.0,15,3000
auto_cb_20260417_105836_020,CB,all,time,546336,136584,2025-09-10 00:00:00 -> 2025-10-14 19:00:00,2025-10-14 19:00:00 -> 2025-10-23 11:00:00,339,299,-2.1318353083084403,-2.1171460877555206,1.0719057619160384,1.1625550967103984,,,,,Poisson,Poisson,0.02,8,3.0,30,3000
auto_cb_20260417_105903_021,CB,all,time,546336,136584,2025-09-10 00:00:00 -> 2025-10-14 19:00:00,2025-10-14 19:00:00 -> 2025-10-23 11:00:00,311,299,-2.1279247111667545,-2.117473724960464,1.079728342789249,1.1619008960110841,,,,,Poisson,Poisson,0.02,8,4.0,15,3000
auto_cb_20260417_105929_022,CB,all,time,546336,136584,2025-09-10 00:00:00 -> 2025-10-14 19:00:00,2025-10-14 19:00:00 -> 2025-10-23 11:00:00,339,299,-2.1291808063169917,-2.1174780721021498,1.0772166102027632,1.1618921703947427,,,,,Poisson,Poisson,0.02,8,4.0,30,3000
auto_cb_20260417_105956_023,CB,all,time,546336,136584,2025-09-10 00:00:00 -> 2025-10-14 19:00:00,2025-10-14 19:00:00 -> 2025-10-23 11:00:00,294,243,-2.1293576663445206,-2.112006393501435,1.0768628958380166,1.172835015055388,,,,,Poisson,Poisson,0.02,8,5.0,15,3000
auto_cb_20260417_110019_024,CB,all,time,546336,136584,2025-09-10 00:00:00 -> 2025-10-14 19:00:00,2025-10-14 19:00:00 -> 2025-10-23 11:00:00,294,243,-2.1293617846892756,-2.1120054783137117,1.0768545545088697,1.1728356794886403,,,,,Poisson,Poisson,0.02,8,5.0,30,3000
auto_cb_20260417_110043_025,CB,all,time,546336,136584,2025-09-10 00:00:00 -> 2025-10-14 19:00:00,2025-10-14 19:00:00 -> 2025-10-23 11:00:00,259,237,-2.1308997576582906,-2.1131419126691267,1.0737777863482527,1.170561920037066,,,,,Poisson,Poisson,0.02,9,3.0,15,3000
auto_cb_20260417_110114_026,CB,all,time,546336,136584,2025-09-10 00:00:00 -> 2025-10-14 19:00:00,2025-10-14 19:00:00 -> 2025-10-23 11:00:00,259,237,-2.1307720889708897,-2.1130879165934515,1.0740323944621966,1.1706700366980536,,,,,Poisson,Poisson,0.02,9,3.0,30,3000
auto_cb_20260417_110146_027,CB,all,time,546336,136584,2025-09-10 00:00:00 -> 2025-10-14 19:00:00,2025-10-14 19:00:00 -> 2025-10-23 11:00:00,252,237,-2.127416553183389,-2.117205574957535,1.0807433792992416,1.1624376170823734,,,,,Poisson,Poisson,0.02,9,4.0,15,3000
auto_cb_20260417_110215_028,CB,all,time,546336,136584,2025-09-10 00:00:00 -> 2025-10-14 19:00:00,2025-10-14 19:00:00 -> 2025-10-23 11:00:00,252,237,-2.1274474407690507,-2.1172069477391204,1.080682317217846,1.1624342362591567,,,,,Poisson,Poisson,0.02,9,4.0,30,3000
auto_cb_20260417_110246_029,CB,all,time,546336,136584,2025-09-10 00:00:00 -> 2025-10-14 19:00:00,2025-10-14 19:00:00 -> 2025-10-23 11:00:00,252,246,-2.1270150145697886,-2.1162615588209452,1.0815480558475774,1.1643240272982265,,,,,Poisson,Poisson,0.02,9,5.0,15,3000
auto_cb_20260417_110316_030,CB,all,time,546336,136584,2025-09-10 00:00:00 -> 2025-10-14 19:00:00,2025-10-14 19:00:00 -> 2025-10-23 11:00:00,328,315,-2.132884113439349,-2.1248059802026593,1.0698079679995787,1.1472346196314105,,,,,Poisson,Poisson,0.02,9,5.0,30,3000
auto_cb_20260417_110354_031,CB,all,time,546336,136584,2025-09-10 00:00:00 -> 2025-10-14 19:00:00,2025-10-14 19:00:00 -> 2025-10-23 11:00:00,227,227,-2.1323670323756807,-2.1147007061588474,1.0708433432879465,1.1674452753644589,,,,,Poisson,Poisson,0.02,10,3.0,15,3000
auto_cb_20260417_110434_032,CB,all,time,546336,136584,2025-09-10 00:00:00 -> 2025-10-14 19:00:00,2025-10-14 19:00:00 -> 2025-10-23 11:00:00,346,321,-2.1382020405025477,-2.1185696622591226,1.059172851895244,1.1597077191548855,,,,,Poisson,Poisson,0.02,10,3.0,30,3000
auto_cb_20260417_110531_033,CB,all,time,546336,136584,2025-09-10 00:00:00 -> 2025-10-14 19:00:00,2025-10-14 19:00:00 -> 2025-10-23 11:00:00,230,226,-2.1311111660223747,-2.116116730363732,1.0733533529256987,1.1646148820590116,,,,,Poisson,Poisson,0.02,10,4.0,15,3000
auto_cb_20260417_110612_034,CB,all,time,546336,136584,2025-09-10 00:00:00 -> 2025-10-14 19:00:00,2025-10-14 19:00:00 -> 2025-10-23 11:00:00,260,226,-2.1324686182129677,-2.116115586379078,1.0706405046570107,1.1646171364275246,,,,,Poisson,Poisson,0.02,10,4.0,30,3000
auto_cb_20260417_110657_035,CB,all,time,546336,136584,2025-09-10 00:00:00 -> 2025-10-14 19:00:00,2025-10-14 19:00:00 -> 2025-10-23 11:00:00,231,251,-2.1306826293709364,-2.118984471094711,1.0742126613252219,1.1588776888415493,,,,,Poisson,Poisson,0.02,10,5.0,15,3000
auto_cb_20260417_110741_036,CB,all,time,546336,136584,2025-09-10 00:00:00 -> 2025-10-14 19:00:00,2025-10-14 19:00:00 -> 2025-10-23 11:00:00,312,334,-2.1341640034703917,-2.1241340036168217,1.067249621866026,1.1485779441155168,,,,,Poisson,Poisson,0.02,10,5.0,30,3000
auto_cb_20260417_110837_037,CB,all,time,546336,136584,2025-09-10 00:00:00 -> 2025-10-14 19:00:00,2025-10-14 19:00:00 -> 2025-10-23 11:00:00,172,148,-2.1257888918174896,-2.1027893091430916,1.0839985702189874,1.1912684928000226,,,,,Poisson,Poisson,0.03,8,3.0,15,3000
auto_cb_20260417_110854_038,CB,all,time,546336,136584,2025-09-10 00:00:00 -> 2025-10-14 19:00:00,2025-10-14 19:00:00 -> 2025-10-23 11:00:00,172,214,-2.1257891206144204,-2.110640704621332,1.0839986207629735,1.1755660942934507,,,,,Poisson,Poisson,0.03,8,3.0,30,3000
auto_cb_20260417_110915_039,CB,all,time,546336,136584,2025-09-10 00:00:00 -> 2025-10-14 19:00:00,2025-10-14 19:00:00 -> 2025-10-23 11:00:00,205,216,-2.126711172245651,-2.111685162610555,1.0821563017520304,1.1734757931530615,,,,,Poisson,Poisson,0.03,8,4.0,15,3000
auto_cb_20260417_110937_040,CB,all,time,546336,136584,2025-09-10 00:00:00 -> 2025-10-14 19:00:00,2025-10-14 19:00:00 -> 2025-10-23 11:00:00,176,216,-2.1257927813653135,-2.1116458095384525,1.0839925518419218,1.1735541771245168,,,,,Poisson,Poisson,0.03,8,4.0,30,3000
auto_cb_20260417_110957_041,CB,all,time,546336,136584,2025-09-10 00:00:00 -> 2025-10-14 19:00:00,2025-10-14 19:00:00 -> 2025-10-23 11:00:00,186,153,-2.126460639606396,-2.102252093949511,1.0826549790193485,1.1923420919966972,,,,,Poisson,Poisson,0.03,8,5.0,15,3000
auto_cb_20260417_111015_042,CB,all,time,546336,136584,2025-09-10 00:00:00 -> 2025-10-14 19:00:00,2025-10-14 19:00:00 -> 2025-10-23 11:00:00,186,216,-2.1264590380278805,-2.10663149600246,1.0826594138908638,1.1835832947386744,,,,,Poisson,Poisson,0.03,8,5.0,30,3000
auto_cb_20260417_111035_043,CB,all,time,546336,136584,2025-09-10 00:00:00 -> 2025-10-14 19:00:00,2025-10-14 19:00:00 -> 2025-10-23 11:00:00,186,138,-2.1351139683271834,-2.106864868871903,1.0653487746588206,1.1831183505789609,,,,,Poisson,Poisson,0.03,9,3.0,15,3000
auto_cb_20260417_111059_044,CB,all,time,546336,136584,2025-09-10 00:00:00 -> 2025-10-14 19:00:00,2025-10-14 19:00:00 -> 2025-10-23 11:00:00,192,213,-2.1326431902711884,-2.112011655830844,1.0702905655693722,1.1728234669494093,,,,,Poisson,Poisson,0.03,9,3.0,30,3000
auto_cb_20260417_111126_045,CB,all,time,546336,136584,2025-09-10 00:00:00 -> 2025-10-14 19:00:00,2025-10-14 19:00:00 -> 2025-10-23 11:00:00,159,214,-2.1289030468429684,-2.1157666710595677,1.077771613967963,1.165313017654268,,,,,Poisson,Poisson,0.03,9,4.0,15,3000
auto_cb_20260417_111151_046,CB,all,time,546336,136584,2025-09-10 00:00:00 -> 2025-10-14 19:00:00,2025-10-14 19:00:00 -> 2025-10-23 11:00:00,194,214,-2.1326317504246473,-2.115785890001757,1.070312512131698,1.1652742760737769,,,,,Poisson,Poisson,0.03,9,4.0,30,3000
auto_cb_20260417_111218_047,CB,all,time,546336,136584,2025-09-10 00:00:00 -> 2025-10-14 19:00:00,2025-10-14 19:00:00 -> 2025-10-23 11:00:00,167,211,-2.1288426444532305,-2.1076324825748256,1.077891956103747,1.1815812527450962,,,,,Poisson,Poisson,0.03,9,5.0,15,3000
auto_cb_20260417_111244_048,CB,all,time,546336,136584,2025-09-10 00:00:00 -> 2025-10-14 19:00:00,2025-10-14 19:00:00 -> 2025-10-23 11:00:00,239,211,-2.135507270251274,-2.107630423402448,1.0645630385022773,1.1815866616955824,,,,,Poisson,Poisson,0.03,9,5.0,30,3000
auto_cb_20260417_111314_049,CB,all,time,546336,136584,2025-09-10 00:00:00 -> 2025-10-14 19:00:00,2025-10-14 19:00:00 -> 2025-10-23 11:00:00,173,123,-2.1367642805892344,-2.115961606044632,1.0620485297274471,1.1649235680956687,,,,,Poisson,Poisson,0.03,10,3.0,15,3000
auto_cb_20260417_111345_050,CB,all,time,546336,136584,2025-09-10 00:00:00 -> 2025-10-14 19:00:00,2025-10-14 19:00:00 -> 2025-10-23 11:00:00,173,218,-2.1367642805892344,-2.1282610426550694,1.0620492706940625,1.1403251052975214,,,,,Poisson,Poisson,0.03,10,3.0,30,3000
auto_cb_20260417_111424_051,CB,all,time,546336,136584,2025-09-10 00:00:00 -> 2025-10-14 19:00:00,2025-10-14 19:00:00 -> 2025-10-23 11:00:00,164,170,-2.1321521920576347,-2.1233581532243893,1.0712747189978475,1.1501303704628885,,,,,Poisson,Poisson,0.03,10,4.0,15,3000
auto_cb_20260417_111456_052,CB,all,time,546336,136584,2025-09-10 00:00:00 -> 2025-10-14 19:00:00,2025-10-14 19:00:00 -> 2025-10-23 11:00:00,164,254,-2.1321563104023897,-2.126952324210742,1.0712651743885098,1.1429425158960052,,,,,Poisson,Poisson,0.03,10,4.0,30,3000
auto_cb_20260417_111537_053,CB,all,time,546336,136584,2025-09-10 00:00:00 -> 2025-10-14 19:00:00,2025-10-14 19:00:00 -> 2025-10-23 11:00:00,166,165,-2.1323702355327123,-2.1253791165143796,1.0708365847392822,1.1460877984026503,,,,,Poisson,Poisson,0.03,10,5.0,15,3000
auto_cb_20260417_111610_054,CB,all,time,546336,136584,2025-09-10 00:00:00 -> 2025-10-14 19:00:00,2025-10-14 19:00:00 -> 2025-10-23 11:00:00,202,282,-2.1325061409096233,-2.130744175745329,1.0705647664462585,1.1353591364958544,,,,,Poisson,Poisson,0.03,10,5.0,30,3000
auto_cb_20260417_111656_055,CB,all,time,546336,136584,2025-09-10 00:00:00 -> 2025-10-14 19:00:00,2025-10-14 19:00:00 -> 2025-10-23 11:00:00,125,82,-2.13323600311896,-2.108063307195572,1.0691050755127618,1.18071965235641,,,,,Poisson,Poisson,0.05,8,3.0,15,3000
auto_cb_20260417_111710_056,CB,all,time,546336,136584,2025-09-10 00:00:00 -> 2025-10-14 19:00:00,2025-10-14 19:00:00 -> 2025-10-23 11:00:00,125,128,-2.1332373759005447,-2.1121210207637793,1.0691015036443208,1.1726052958701676,,,,,Poisson,Poisson,0.05,8,3.0,30,3000
auto_cb_20260417_111728_057,CB,all,time,546336,136584,2025-09-10 00:00:00 -> 2025-10-14 19:00:00,2025-10-14 19:00:00 -> 2025-10-23 11:00:00,125,80,-2.134821794646518,-2.096021495929245,1.065934215980507,1.204802875369139,,,,,Poisson,Poisson,0.05,8,4.0,15,3000
auto_cb_20260417_111742_058,CB,all,time,546336,136584,2025-09-10 00:00:00 -> 2025-10-14 19:00:00,2025-10-14 19:00:00 -> 2025-10-23 11:00:00,125,116,-2.1348195066772098,-2.098658151760089,1.0659379795405655,1.1995301992952991,,,,,Poisson,Poisson,0.05,8,4.0,30,3000
auto_cb_20260417_111759_059,CB,all,time,546336,136584,2025-09-10 00:00:00 -> 2025-10-14 19:00:00,2025-10-14 19:00:00 -> 2025-10-23 11:00:00,117,128,-2.1334236166022373,-2.1147890217741465,1.0687298388088171,1.1672697129961342,,,,,Poisson,Poisson,0.05,8,5.0,15,3000
auto_cb_20260417_111815_060,CB,all,time,546336,136584,2025-09-10 00:00:00 -> 2025-10-14 19:00:00,2025-10-14 19:00:00 -> 2025-10-23 11:00:00,125,209,-2.1360655347624906,-2.1201410395800386,1.0634458891481895,1.1565648847093688,,,,,Poisson,Poisson,0.05,8,5.0,30,3000
auto_cb_20260417_111834_061,CB,all,time,546336,136584,2025-09-10 00:00:00 -> 2025-10-14 19:00:00,2025-10-14 19:00:00 -> 2025-10-23 11:00:00,95,80,-2.126022951077725,-2.1029254433169333,1.0835306273606486,1.190995968599932,,,,,Poisson,Poisson,0.05,9,3.0,15,3000
auto_cb_20260417_111850_062,CB,all,time,546336,136584,2025-09-10 00:00:00 -> 2025-10-14 19:00:00,2025-10-14 19:00:00 -> 2025-10-23 11:00:00,125,119,-2.130732278304926,-2.107260458765302,1.0741118566988785,1.182327517820821,,,,,Poisson,Poisson,0.05,9,3.0,30,3000
auto_cb_20260417_111911_063,CB,all,time,546336,136584,2025-09-10 00:00:00 -> 2025-10-14 19:00:00,2025-10-14 19:00:00 -> 2025-10-23 11:00:00,90,115,-2.129831504788262,-2.114971144131084,1.0759149134247776,1.1669040890359077,,,,,Poisson,Poisson,0.05,9,4.0,15,3000
auto_cb_20260417_111929_064,CB,all,time,546336,136584,2025-09-10 00:00:00 -> 2025-10-14 19:00:00,2025-10-14 19:00:00 -> 2025-10-23 11:00:00,130,115,-2.137885156753353,-2.114983270368418,1.0598080267993064,1.1668801923105188,,,,,Poisson,Poisson,0.05,9,4.0,30,3000
auto_cb_20260417_111951_065,CB,all,time,546336,136584,2025-09-10 00:00:00 -> 2025-10-14 19:00:00,2025-10-14 19:00:00 -> 2025-10-23 11:00:00,123,100,-2.1384065849587066,-2.1051525526415977,1.0587643565204734,1.1865412530182753,,,,,Poisson,Poisson,0.05,9,5.0,15,3000
auto_cb_20260417_112009_066,CB,all,time,546336,136584,2025-09-10 00:00:00 -> 2025-10-14 19:00:00,2025-10-14 19:00:00 -> 2025-10-23 11:00:00,123,113,-2.1385390583816553,-2.1060203794002224,1.058499231436123,1.1848065435138606,,,,,Poisson,Poisson,0.05,9,5.0,30,3000
auto_cb_20260417_112029_067,CB,all,time,546336,136584,2025-09-10 00:00:00 -> 2025-10-14 19:00:00,2025-10-14 19:00:00 -> 2025-10-23 11:00:00,97,114,-2.136701819027119,-2.1210855133104904,1.0621757037384834,1.1546763402653568,,,,,Poisson,Poisson,0.05,10,3.0,15,3000
auto_cb_20260417_112054_068,CB,all,time,546336,136584,2025-09-10 00:00:00 -> 2025-10-14 19:00:00,2025-10-14 19:00:00 -> 2025-10-23 11:00:00,97,171,-2.1367011326363263,-2.124049348752416,1.0621744026238165,1.1487485987939867,,,,,Poisson,Poisson,0.05,10,3.0,30,3000
auto_cb_20260417_112125_069,CB,all,time,546336,136584,2025-09-10 00:00:00 -> 2025-10-14 19:00:00,2025-10-14 19:00:00 -> 2025-10-23 11:00:00,125,116,-2.138430151042582,-2.1140962246676036,1.0587169724624297,1.1686555695443648,,,,,Poisson,Poisson,0.05,10,4.0,15,3000
auto_cb_20260417_112151_070,CB,all,time,546336,136584,2025-09-10 00:00:00 -> 2025-10-14 19:00:00,2025-10-14 19:00:00 -> 2025-10-23 11:00:00,187,116,-2.140759761392257,-2.114095995870673,1.0540564352857817,1.1686557602607057,,,,,Poisson,Poisson,0.05,10,4.0,30,3000
auto_cb_20260417_112223_071,CB,all,time,546336,136584,2025-09-10 00:00:00 -> 2025-10-14 19:00:00,2025-10-14 19:00:00 -> 2025-10-23 11:00:00,97,113,-2.1358031046828327,-2.114398923007087,1.0639728439146219,1.1680488175727057,,,,,Poisson,Poisson,0.05,10,5.0,15,3000
auto_cb_20260417_112249_072,CB,all,time,546336,136584,2025-09-10 00:00:00 -> 2025-10-14 19:00:00,2025-10-14 19:00:00 -> 2025-10-23 11:00:00,97,218,-2.1358015031043167,-2.1219274860159314,1.063975369207618,1.1529923663688861,,,,,Poisson,Poisson,0.05,10,5.0,30,3000
auto_cb_20260420_071548_001,CB_Hurdle,all,time,546336,136584,2025-09-10 00:00:00 -> 2025-10-14 19:00:00,2025-10-14 19:00:00 -> 2025-10-23 11:00:00,284,233,-5.470371918355125,-5.461321598552329,0.9961329029423156,1.0928750754310357,0.3021163621037556,1.1821307361565523,0.32821537016729113,1.2589927445203652,Poisson,Poisson,0.015,8,3.0,15,3000
auto_cb_20260420_071712_002,CB_Hurdle,all,time,546336,136584,2025-09-10 00:00:00 -> 2025-10-14 19:00:00,2025-10-14 19:00:00 -> 2025-10-23 11:00:00,284,233,-5.470371918355125,-5.461329861512783,0.9951011020763577,1.0928676527643937,0.3016647011008174,1.182129623170638,0.3282155555101423,1.2589747552619506,Poisson,Poisson,0.015,8,3.0,30,3000
auto_cb_20260420_071846_003,CB_Hurdle,all,time,546336,136584,2025-09-10 00:00:00 -> 2025-10-14 19:00:00,2025-10-14 19:00:00 -> 2025-10-23 11:00:00,286,233,-5.470511756828692,-5.461992447654145,0.9952501125285658,1.0943544919881645,0.30184257107420853,1.1818525509071387,0.32886615374903977,1.2576517683045652,Poisson,Poisson,0.015,8,4.0,15,3000
auto_cb_20260420_072004_004,CB_Hurdle,all,time,546336,136584,2025-09-10 00:00:00 -> 2025-10-14 19:00:00,2025-10-14 19:00:00 -> 2025-10-23 11:00:00,286,233,-5.470509677446185,-5.46156432301565,0.9941416462243214,1.092527356053955,0.30134905425805497,1.1818549006314554,0.3282183478881614,1.2585077794866055,Poisson,Poisson,0.015,8,4.0,30,3000
auto_cb_20260420_072139_005,CB_Hurdle,all,time,546336,136584,2025-09-10 00:00:00 -> 2025-10-14 19:00:00,2025-10-14 19:00:00 -> 2025-10-23 11:00:00,286,233,-5.4703885534151775,-5.463503020112046,0.9955513898309922,1.0927184438714728,0.3019206782814192,1.1820966403365358,0.3286934667483688,1.254631585619421,Poisson,Poisson,0.015,8,5.0,15,3000
auto_cb_20260420_072258_006,CB_Hurdle,all,time,546336,136584,2025-09-10 00:00:00 -> 2025-10-14 19:00:00,2025-10-14 19:00:00 -> 2025-10-23 11:00:00,308,233,-5.473331919353229,-5.463497855761762,0.9930151819814793,1.0914561527106434,0.3019207530859504,1.1762112524421073,0.32835803167435257,1.2546385870276802,Poisson,Poisson,0.015,8,5.0,30,3000
auto_cb_20260420_072424_007,CB_Hurdle,all,time,546336,136584,2025-09-10 00:00:00 -> 2025-10-14 19:00:00,2025-10-14 19:00:00 -> 2025-10-23 11:00:00,297,226,-5.475877083541271,-5.46131230272182,0.9900566194947775,1.092701973921781,0.3018466828550399,1.171118503085909,0.32821901573505974,1.2590124074822204,Poisson,Poisson,0.015,9,3.0,15,3000
auto_cb_20260420_072613_008,CB_Hurdle,all,time,546336,136584,2025-09-10 00:00:00 -> 2025-10-14 19:00:00,2025-10-14 19:00:00 -> 2025-10-23 11:00:00,316,247,-5.474957476627741,-5.461471364710548,0.9908339621569595,1.0920353636307418,0.3018336373024998,1.1729601297450043,0.3280392754950005,1.258693989589481,Poisson,Poisson,0.015,9,3.0,30,3000
auto_cb_20260420_072821_009,CB_Hurdle,all,time,546336,136584,2025-09-10 00:00:00 -> 2025-10-14 19:00:00,2025-10-14 19:00:00 -> 2025-10-23 11:00:00,316,241,-5.475829777589247,-5.46305010659219,0.9906574411054703,1.0912463652713855,0.30193180506417283,1.1712136928163415,0.32820647110552137,1.255534604667533,Poisson,Poisson,0.015,9,4.0,15,3000
auto_cb_20260420_073016_010,CB_Hurdle,all,time,546336,136584,2025-09-10 00:00:00 -> 2025-10-14 19:00:00,2025-10-14 19:00:00 -> 2025-10-23 11:00:00,294,241,-5.473655263333001,-5.463049073722133,0.9926866201709407,1.0912488129950566,0.3019318045624056,1.1755648002361645,0.3282066671262117,1.2555380705930195,Poisson,Poisson,0.015,9,4.0,30,3000
auto_cb_20260420_073213_011,CB_Hurdle,all,time,546336,136584,2025-09-10 00:00:00 -> 2025-10-14 19:00:00,2025-10-14 19:00:00 -> 2025-10-23 11:00:00,324,241,-5.47576583657717,-5.462671043281387,0.9914747853535097,1.091176553077295,0.3022968928181357,1.1713405736615137,0.3281375857288505,1.256293896415861,Poisson,Poisson,0.015,9,5.0,15,3000
auto_cb_20260420_073357_012,CB_Hurdle,all,time,546336,136584,2025-09-10 00:00:00 -> 2025-10-14 19:00:00,2025-10-14 19:00:00 -> 2025-10-23 11:00:00,340,241,-5.475806384536048,-5.462687052767265,0.9903435468206826,1.0907262674220437,0.30171513058091626,1.1712611733932388,0.3279470715661111,1.2562623911873274,Poisson,Poisson,0.015,9,5.0,30,3000
auto_cb_20260420_073605_013,CB_Hurdle,all,time,546336,136584,2025-09-10 00:00:00 -> 2025-10-14 19:00:00,2025-10-14 19:00:00 -> 2025-10-23 11:00:00,297,237,-5.475711252786373,-5.457546974930178,0.9907831824613332,1.0969568855548817,0.30187073646529355,1.1714523585469145,0.3284038278224249,1.2665415332601042,Poisson,Poisson,0.015,10,3.0,15,3000
auto_cb_20260420_073840_014,CB_Hurdle,all,time,546336,136584,2025-09-10 00:00:00 -> 2025-10-14 19:00:00,2025-10-14 19:00:00 -> 2025-10-23 11:00:00,297,237,-5.475712292477626,-5.457415283997951,0.9905208075294035,1.097059525732257,0.3017612664389011,1.1714501339800458,0.32840382771760945,1.2668032169257601,Poisson,Poisson,0.015,10,3.0,30,3000
auto_cb_20260420_074127_015,CB_Hurdle,all,time,546336,136584,2025-09-10 00:00:00 -> 2025-10-14 19:00:00,2025-10-14 19:00:00 -> 2025-10-23 11:00:00,296,237,-5.474851428119906,-5.457425096263489,0.9920088228031113,1.0966777581554523,0.30185845678785633,1.173170712009876,0.32823067477352236,1.2667841773434976,Poisson,Poisson,0.015,10,4.0,15,3000
auto_cb_20260420_074350_016,CB_Hurdle,all,time,546336,136584,2025-09-10 00:00:00 -> 2025-10-14 19:00:00,2025-10-14 19:00:00 -> 2025-10-23 11:00:00,296,237,-5.475321368566391,-5.457408570342582,0.9910853075932943,1.0972723980802366,0.3015868741140696,1.1722299454067933,0.3284661504485802,1.2668194634620236,Poisson,Poisson,0.015,10,4.0,30,3000
auto_cb_20260420_074614_017,CB_Hurdle,all,time,546336,136584,2025-09-10 00:00:00 -> 2025-10-14 19:00:00,2025-10-14 19:00:00 -> 2025-10-23 11:00:00,296,237,-5.475745562597731,-5.460603753862934,0.9910061935581119,1.0948121408257836,0.3018256599426836,1.1713847723258253,0.32855831881005015,1.2604305553969144,Poisson,Poisson,0.015,10,5.0,15,3000
auto_cb_20260420_074822_018,CB_Hurdle,all,time,546336,136584,2025-09-10 00:00:00 -> 2025-10-14 19:00:00,2025-10-14 19:00:00 -> 2025-10-23 11:00:00,296,237,-5.475742443523971,-5.4594929021169705,0.9909479779904292,1.0943758564345303,0.3017972248003058,1.1713897501552581,0.32808220747436995,1.2626505922160922,Poisson,Poisson,0.015,10,5.0,30,3000
auto_cb_20260420_075045_019,CB_Hurdle,all,time,546336,136584,2025-09-10 00:00:00 -> 2025-10-14 19:00:00,2025-10-14 19:00:00 -> 2025-10-23 11:00:00,233,170,-5.4718165693515655,-5.458794681958652,0.994760915792332,1.0968858955488174,0.30211826818680865,1.1792429040150862,0.3286045578741826,1.2640447754879873,Poisson,Poisson,0.02,8,3.0,15,3000
auto_cb_20260420_075139_020,CB_Hurdle,all,time,546336,136584,2025-09-10 00:00:00 -> 2025-10-14 19:00:00,2025-10-14 19:00:00 -> 2025-10-23 11:00:00,233,170,-5.4718165693515655,-5.458799846308936,0.9937825209585581,1.0968799730014132,0.3015749959976266,1.1792411752190741,0.32860399658218814,1.2640337850413703,Poisson,Poisson,0.02,8,3.0,30,3000
auto_cb_20260420_075242_021,CB_Hurdle,all,time,546336,136584,2025-09-10 00:00:00 -> 2025-10-14 19:00:00,2025-10-14 19:00:00 -> 2025-10-23 11:00:00,233,171,-5.469907176364907,-5.461179578919535,0.9950906848012305,1.0962152483169583,0.30127346395275845,1.1830623909969247,0.3290859565951615,1.259275027872914,Poisson,Poisson,0.02,8,4.0,15,3000
auto_cb_20260420_075341_022,CB_Hurdle,all,time,546336,136584,2025-09-10 00:00:00 -> 2025-10-14 19:00:00,2025-10-14 19:00:00 -> 2025-10-23 11:00:00,233,171,-5.4698874222310945,-5.461180095354564,0.9951080385219697,1.0962144963389393,0.3012737319024858,1.183102400311415,0.3290857034697163,1.2592752893461427,Poisson,Poisson,0.02,8,4.0,30,3000
auto_cb_20260420_075442_023,CB_Hurdle,all,time,546336,136584,2025-09-10 00:00:00 -> 2025-10-14 19:00:00,2025-10-14 19:00:00 -> 2025-10-23 11:00:00,220,171,-5.471794735835246,-5.459352431789261,0.9942296761686872,1.0974692945992062,0.3017758246331851,1.1792833326434242,0.3288313459930969,1.2629336212501407,Poisson,Poisson,0.02,8,5.0,15,3000
auto_cb_20260420_075538_024,CB_Hurdle,all,time,546336,136584,2025-09-10 00:00:00 -> 2025-10-14 19:00:00,2025-10-14 19:00:00 -> 2025-10-23 11:00:00,220,171,-5.471796815217753,-5.45934984961412,0.9942285800030369,1.0968087692907484,0.3017757843349647,1.1792811828723708,0.32857254477779646,1.2629374172976071,Poisson,Poisson,0.02,8,5.0,30,3000
auto_cb_20260420_075636_025,CB_Hurdle,all,time,546336,136584,2025-09-10 00:00:00 -> 2025-10-14 19:00:00,2025-10-14 19:00:00 -> 2025-10-23 11:00:00,233,179,-5.476352222444023,-5.465550684999422,0.9916620344582026,1.0902668085543816,0.30251256498641105,1.1701712139449556,0.3287533831987822,1.2505343938232762,Poisson,Poisson,0.02,9,3.0,15,3000
auto_cb_20260420_075740_026,CB_Hurdle,all,time,546336,136584,2025-09-10 00:00:00 -> 2025-10-14 19:00:00,2025-10-14 19:00:00 -> 2025-10-23 11:00:00,233,179,-5.4763501430615165,-5.465539323428798,0.9906544063798316,1.0894084552927823,0.30196269001091597,1.170174311986262,0.328546410126288,1.250555455702319,Poisson,Poisson,0.02,9,3.0,30,3000
auto_cb_20260420_075852_027,CB_Hurdle,all,time,546336,136584,2025-09-10 00:00:00 -> 2025-10-14 19:00:00,2025-10-14 19:00:00 -> 2025-10-23 11:00:00,218,181,-5.4742484071929995,-5.461891742823619,0.9924840591440487,1.092590308337117,0.3020439002913662,1.1743770915877403,0.3283916660257781,1.2578517988102638,Poisson,Poisson,0.02,9,4.0,15,3000
auto_cb_20260420_080002_028,CB_Hurdle,all,time,546336,136584,2025-09-10 00:00:00 -> 2025-10-14 19:00:00,2025-10-14 19:00:00 -> 2025-10-23 11:00:00,218,181,-5.474252046112387,-5.461880897688023,0.9925070912096653,1.0925986605951903,0.3020507070252487,1.1743718010689226,0.32839154666191905,1.257871815550251,Poisson,Poisson,0.02,9,4.0,30,3000
auto_cb_20260420_080115_029,CB_Hurdle,all,time,546336,136584,2025-09-10 00:00:00 -> 2025-10-14 19:00:00,2025-10-14 19:00:00 -> 2025-10-23 11:00:00,233,179,-5.47496683384902,-5.4664911131860325,0.9919507867251315,1.0877740804225853,0.30191292535909064,1.17294174031489,0.3283048375315677,1.2486540788793568,Poisson,Poisson,0.02,9,5.0,15,3000
auto_cb_20260420_080225_030,CB_Hurdle,all,time,546336,136584,2025-09-10 00:00:00 -> 2025-10-14 19:00:00,2025-10-14 19:00:00 -> 2025-10-23 11:00:00,233,179,-5.47496527431214,-5.466485948835749,0.9919668752318826,1.0861362217608528,0.30192293832380235,1.1729432185666815,0.32765688162551865,1.2486634479845857,Poisson,Poisson,0.02,9,5.0,30,3000
auto_cb_20260420_080347_031,CB_Hurdle,all,time,546336,136584,2025-09-10 00:00:00 -> 2025-10-14 19:00:00,2025-10-14 19:00:00 -> 2025-10-23 11:00:00,215,174,-5.474448027913631,-5.464793074812844,0.9933107342281482,1.091041189691716,0.3024898006867666,1.1739794450829089,0.32867483793222696,1.252050453158333,Poisson,Poisson,0.02,10,3.0,15,3000
auto_cb_20260420_080516_032,CB_Hurdle,all,time,546336,136584,2025-09-10 00:00:00 -> 2025-10-14 19:00:00,2025-10-14 19:00:00 -> 2025-10-23 11:00:00,215,174,-5.475753880127757,-5.464791525507759,0.9892488225602502,1.090535576803562,0.30151675831438524,1.1713672329004545,0.3285388540899374,1.2520547827546504,Poisson,Poisson,0.02,10,3.0,30,3000
auto_cb_20260420_080720_033,CB_Hurdle,all,time,546336,136584,2025-09-10 00:00:00 -> 2025-10-14 19:00:00,2025-10-14 19:00:00 -> 2025-10-23 11:00:00,222,174,-5.473968730245867,-5.464337579117847,0.9952146966489342,1.0908187815329242,0.3029074106867159,1.1749369456213201,0.3284998156781533,1.2529585922190227,Poisson,Poisson,0.02,10,4.0,15,3000
auto_cb_20260420_080850_034,CB_Hurdle,all,time,546336,136584,2025-09-10 00:00:00 -> 2025-10-14 19:00:00,2025-10-14 19:00:00 -> 2025-10-23 11:00:00,222,174,-5.473957813487707,-5.464337062682818,0.9950430788136669,1.0908177977306548,0.30287605377617366,1.1749564677062017,0.32849981275654777,1.252958469312501,Poisson,Poisson,0.02,10,4.0,30,3000
auto_cb_20260420_081027_035,CB_Hurdle,all,time,546336,136584,2025-09-10 00:00:00 -> 2025-10-14 19:00:00,2025-10-14 19:00:00 -> 2025-10-23 11:00:00,222,174,-5.4772141264929965,-5.4662277313215775,0.9896152966090489,1.0873641839599144,0.3021899354631574,1.1684462850917885,0.3280187047164762,1.2491798759915556,Poisson,Poisson,0.02,10,5.0,15,3000
auto_cb_20260420_081207_036,CB_Hurdle,all,time,546336,136584,2025-09-10 00:00:00 -> 2025-10-14 19:00:00,2025-10-14 19:00:00 -> 2025-10-23 11:00:00,222,174,-5.47808070915261,-5.466226698451521,0.9872765075356227,1.0873646576818339,0.301576062790904,1.1667120623134624,0.3280186650863213,1.249181251930295,Poisson,Poisson,0.02,10,5.0,30,3000
auto_cb_20260420_081412_037,CB_Hurdle,all,time,546336,136584,2025-09-10 00:00:00 -> 2025-10-14 19:00:00,2025-10-14 19:00:00 -> 2025-10-23 11:00:00,158,118,-5.473982246232159,-5.4588220530151546,0.9933464640824081,1.0967947142851173,0.30222132363374143,1.1749080855129288,0.32842833642998054,1.263991119366948,Poisson,Poisson,0.03,8,3.0,15,3000
auto_cb_20260420_081454_038,CB_Hurdle,all,time,546336,136584,2025-09-10 00:00:00 -> 2025-10-14 19:00:00,2025-10-14 19:00:00 -> 2025-10-23 11:00:00,158,118,-5.473982246232159,-5.458819470840012,0.9922656431373433,1.09660930207842,0.30158969818263776,1.1749092907881278,0.32837737635963404,1.2639944703163095,Poisson,Poisson,0.03,8,3.0,30,3000
auto_cb_20260420_081543_039,CB_Hurdle,all,time,546336,136584,2025-09-10 00:00:00 -> 2025-10-14 19:00:00,2025-10-14 19:00:00 -> 2025-10-23 11:00:00,152,118,-5.472646242971687,-5.45687044504305,0.9963042319202442,1.0995405991259035,0.30305639620695096,1.1775810435330887,0.328921976995822,1.2678930173966185,Poisson,Poisson,0.03,8,4.0,15,3000
auto_cb_20260420_081620_040,CB_Hurdle,all,time,546336,136584,2025-09-10 00:00:00 -> 2025-10-14 19:00:00,2025-10-14 19:00:00 -> 2025-10-23 11:00:00,160,118,-5.472655600192967,-5.4568776751334465,0.9948831625014778,1.0989564129055573,0.30238127726269753,1.1775620380412564,0.3287794316188637,1.267879632265934,Poisson,Poisson,0.03,8,4.0,30,3000
auto_cb_20260420_081702_041,CB_Hurdle,all,time,546336,136584,2025-09-10 00:00:00 -> 2025-10-14 19:00:00,2025-10-14 19:00:00 -> 2025-10-23 11:00:00,154,118,-5.472698747379978,-5.46552021533275,0.9968760562440112,1.0915267728763554,0.30312988539100744,1.177475741760634,0.3290032624348406,1.2505979341080584,Poisson,Poisson,0.03,8,5.0,15,3000
auto_cb_20260420_081741_042,CB_Hurdle,all,time,546336,136584,2025-09-10 00:00:00 -> 2025-10-14 19:00:00,2025-10-14 19:00:00 -> 2025-10-23 11:00:00,154,118,-5.472694068769338,-5.465550168564393,0.994261367996537,1.0923062152523422,0.30184479299606515,1.1774862707589215,0.3292027549231383,1.250535684712267,Poisson,Poisson,0.03,8,5.0,30,3000
auto_cb_20260420_081826_043,CB_Hurdle,all,time,546336,136584,2025-09-10 00:00:00 -> 2025-10-14 19:00:00,2025-10-14 19:00:00 -> 2025-10-23 11:00:00,154,120,-5.47743038227368,-5.462589446546909,0.9893647477602018,1.0914393680562693,0.3018619227677641,1.1680118359435643,0.32856831665438163,1.2564570999997755,Poisson,Poisson,0.03,9,3.0,15,3000
auto_cb_20260420_081921_044,CB_Hurdle,all,time,546336,136584,2025-09-10 00:00:00 -> 2025-10-14 19:00:00,2025-10-14 19:00:00 -> 2025-10-23 11:00:00,154,120,-5.4773700801809895,-5.462587897241824,0.9887826652036713,1.089871769681385,0.30162452895584285,1.1681360612920937,0.32802278110398575,1.2564587334614303,Poisson,Poisson,0.03,9,3.0,30,3000
auto_cb_20260420_082028_045,CB_Hurdle,all,time,546336,136584,2025-09-10 00:00:00 -> 2025-10-14 19:00:00,2025-10-14 19:00:00 -> 2025-10-23 11:00:00,132,120,-5.472838585853545,-5.466277309084298,0.9937844413838047,1.0885773192905446,0.30215110747372137,1.1771955497568645,0.3283819955862116,1.2490810228461324,Poisson,Poisson,0.03,9,4.0,15,3000
auto_cb_20260420_082121_046,CB_Hurdle,all,time,546336,136584,2025-09-10 00:00:00 -> 2025-10-14 19:00:00,2025-10-14 19:00:00 -> 2025-10-23 11:00:00,132,120,-5.472851062148584,-5.466275243344185,0.9914196547187971,1.0869741996804367,0.30133469587323314,1.1771705259155443,0.32797792035387263,1.2490861355128835,Poisson,Poisson,0.03,9,4.0,30,3000
auto_cb_20260420_082229_047,CB_Hurdle,all,time,546336,136584,2025-09-10 00:00:00 -> 2025-10-14 19:00:00,2025-10-14 19:00:00 -> 2025-10-23 11:00:00,154,117,-5.4770872841600955,-5.460602204557849,0.9914209038002287,1.0944232596681098,0.30241446439793074,1.168699822982965,0.32875129955274995,1.2604296982012557,Poisson,Poisson,0.03,9,5.0,15,3000
auto_cb_20260420_082321_048,CB_Hurdle,all,time,546336,136584,2025-09-10 00:00:00 -> 2025-10-14 19:00:00,2025-10-14 19:00:00 -> 2025-10-23 11:00:00,154,117,-5.4770872841600955,-5.460591875857282,0.9897927429358958,1.0928339766679096,0.3017750921734697,1.1686996018788984,0.3281924689029256,1.2604503680533719,Poisson,Poisson,0.03,9,5.0,30,3000
auto_cb_20260420_082430_049,CB_Hurdle,all,time,546336,136584,2025-09-10 00:00:00 -> 2025-10-14 19:00:00,2025-10-14 19:00:00 -> 2025-10-23 11:00:00,162,106,-5.4751103112419734,-5.458147588868139,0.9936552701417699,1.0944479549484294,0.3027402976845727,1.1726565372523305,0.32847390344492644,1.2653420739572485,Poisson,Poisson,0.03,10,3.0,15,3000
auto_cb_20260420_082538_050,CB_Hurdle,all,time,546336,136584,2025-09-10 00:00:00 -> 2025-10-14 19:00:00,2025-10-14 19:00:00 -> 2025-10-23 11:00:00,162,106,-5.475108231859467,-5.458145523128026,0.992942741895103,1.0931235953776244,0.3023303237942385,1.172659637091624,0.328202935885141,1.2653424096807142,Poisson,Poisson,0.03,10,3.0,30,3000
auto_cb_20260420_082702_051,CB_Hurdle,all,time,546336,136584,2025-09-10 00:00:00 -> 2025-10-14 19:00:00,2025-10-14 19:00:00 -> 2025-10-23 11:00:00,152,129,-5.477861854143794,-5.468211874700468,0.9919811570239618,1.0856306332467642,0.30297604664985733,1.167152048017804,0.32825931759754223,1.245212373240245,Poisson,Poisson,0.03,10,4.0,15,3000
auto_cb_20260420_082810_052,CB_Hurdle,all,time,546336,136584,2025-09-10 00:00:00 -> 2025-10-14 19:00:00,2025-10-14 19:00:00 -> 2025-10-23 11:00:00,151,129,-5.474820757227934,-5.468215489745666,0.9937245844563896,1.0850336352981238,0.30236912192933363,1.1732316498398763,0.3281381420457042,1.2452044955744346,Poisson,Poisson,0.03,10,4.0,30,3000
auto_cb_20260420_082937_053,CB_Hurdle,all,time,546336,136584,2025-09-10 00:00:00 -> 2025-10-14 19:00:00,2025-10-14 19:00:00 -> 2025-10-23 11:00:00,155,117,-5.47527198323186,-5.464463072829734,0.992582253030025,1.0920538602495964,0.30212431518102284,1.1723280071997446,0.32888032849613236,1.2527091031177868,Poisson,Poisson,0.03,10,5.0,15,3000
auto_cb_20260420_083045_054,CB_Hurdle,all,time,546336,136584,2025-09-10 00:00:00 -> 2025-10-14 19:00:00,2025-10-14 19:00:00 -> 2025-10-23 11:00:00,151,117,-5.477583216887913,-5.464465655004875,0.9897777435967733,1.0906892716104493,0.3018968478818233,1.167708405132127,0.32848295074013073,1.2527042888249902,Poisson,Poisson,0.03,10,5.0,30,3000
auto_cb_20260420_083208_055,CB_Hurdle,all,time,546336,136584,2025-09-10 00:00:00 -> 2025-10-14 19:00:00,2025-10-14 19:00:00 -> 2025-10-23 11:00:00,83,65,-5.471004050637123,-5.459591024772355,0.9929129311785344,1.0937833879930918,0.3012342931789398,1.1808664189831197,0.3279087997147687,1.2624540888695641,Poisson,Poisson,0.05,8,3.0,15,3000
auto_cb_20260420_083244_056,CB_Hurdle,all,time,546336,136584,2025-09-10 00:00:00 -> 2025-10-14 19:00:00,2025-10-14 19:00:00 -> 2025-10-23 11:00:00,83,65,-5.471004050637123,-5.459037922857001,0.9922305812118366,1.0943303642881599,0.30103262182055424,1.1808664859911129,0.327909020416423,1.2635599123503098,Poisson,Poisson,0.05,8,3.0,30,3000
auto_cb_20260420_083323_057,CB_Hurdle,all,time,546336,136584,2025-09-10 00:00:00 -> 2025-10-14 19:00:00,2025-10-14 19:00:00 -> 2025-10-23 11:00:00,94,65,-5.469467386964767,-5.457863549602552,0.9990162568645111,1.0985493254908962,0.3030179244619637,1.1839389050583133,0.3287910183990047,1.2659088789701927,Poisson,Poisson,0.05,8,4.0,15,3000
auto_cb_20260420_083353_058,CB_Hurdle,all,time,546336,136584,2025-09-10 00:00:00 -> 2025-10-14 19:00:00,2025-10-14 19:00:00 -> 2025-10-23 11:00:00,94,65,-5.469466347273514,-5.457864582472609,0.9951608431672044,1.0971188436322963,0.30145740676546573,1.1839430470198054,0.3284279952164422,1.2659066163971777,Poisson,Poisson,0.05,8,4.0,30,3000
auto_cb_20260420_083432_059,CB_Hurdle,all,time,546336,136584,2025-09-10 00:00:00 -> 2025-10-14 19:00:00,2025-10-14 19:00:00 -> 2025-10-23 11:00:00,102,65,-5.473865280966164,-5.456893168184297,0.9937065579060881,1.09869992307682,0.3023990127392572,1.175142459867371,0.32864269920971756,1.2678489632218954,Poisson,Poisson,0.05,8,5.0,15,3000
auto_cb_20260420_083503_060,CB_Hurdle,all,time,546336,136584,2025-09-10 00:00:00 -> 2025-10-14 19:00:00,2025-10-14 19:00:00 -> 2025-10-23 11:00:00,102,65,-5.473875677878697,-5.456889553139098,0.9930297955611657,1.0971122467547045,0.302079127391359,1.1751228273527434,0.32845254153739684,1.2678547090384824,Poisson,Poisson,0.05,8,5.0,30,3000
auto_cb_20260420_083539_061,CB_Hurdle,all,time,546336,136584,2025-09-10 00:00:00 -> 2025-10-14 19:00:00,2025-10-14 19:00:00 -> 2025-10-23 11:00:00,84,65,-5.473876717569951,-5.452727603245691,0.9923975714750111,1.1023024726510375,0.3020167573980338,1.1751205216873086,0.32863866733356967,1.2761788384941277,Poisson,Poisson,0.05,9,3.0,15,3000
auto_cb_20260420_083618_062,CB_Hurdle,all,time,546336,136584,2025-09-10 00:00:00 -> 2025-10-14 19:00:00,2025-10-14 19:00:00 -> 2025-10-23 11:00:00,84,65,-5.473942737964534,-5.454460759200806,0.9909905697244963,1.1004118649702097,0.3014991226530584,1.1749928152030635,0.3285763086550899,1.272715892733474,Poisson,Poisson,0.05,9,3.0,30,3000
auto_cb_20260420_083704_063,CB_Hurdle,all,time,546336,136584,2025-09-10 00:00:00 -> 2025-10-14 19:00:00,2025-10-14 19:00:00 -> 2025-10-23 11:00:00,84,65,-5.470351644375686,-5.456071520054205,0.9974720039741818,1.0984279964278474,0.3022452990235076,1.1821719499992853,0.3286392452459588,1.2694915405287217,Poisson,Poisson,0.05,9,4.0,15,3000
auto_cb_20260420_083740_064,CB_Hurdle,all,time,546336,136584,2025-09-10 00:00:00 -> 2025-10-14 19:00:00,2025-10-14 19:00:00 -> 2025-10-23 11:00:00,84,65,-5.470351644375686,-5.456071003619177,0.9974727574191958,1.0965509238865272,0.30224531732475346,1.1821733025109296,0.32814733776978533,1.2694930222233354,Poisson,Poisson,0.05,9,4.0,30,3000
auto_cb_20260420_083823_065,CB_Hurdle,all,time,546336,136584,2025-09-10 00:00:00 -> 2025-10-14 19:00:00,2025-10-14 19:00:00 -> 2025-10-23 11:00:00,80,65,-5.475449770436171,-5.458049982647783,0.9917168121695704,1.09650451525386,0.30232217491705426,1.1719742771425206,0.32853590532088994,1.2655346824845526,Poisson,Poisson,0.05,9,5.0,15,3000
auto_cb_20260420_083901_066,CB_Hurdle,all,time,546336,136584,2025-09-10 00:00:00 -> 2025-10-14 19:00:00,2025-10-14 19:00:00 -> 2025-10-23 11:00:00,80,65,-5.475465885650597,-5.458049982647783,0.9889412988458968,1.0959714558233202,0.3012105493484526,1.1719419831271316,0.32840584786794413,1.265533975950977,Poisson,Poisson,0.05,9,5.0,30,3000
auto_cb_20260420_083950_067,CB_Hurdle,all,time,546336,136584,2025-09-10 00:00:00 -> 2025-10-14 19:00:00,2025-10-14 19:00:00 -> 2025-10-23 11:00:00,89,66,-5.477970501879762,-5.455386727206624,0.9886058848902748,1.0982584849058141,0.30184887855511333,1.1669327458688887,0.32863592835942723,1.2708651135440723,Poisson,Poisson,0.05,10,3.0,15,3000
auto_cb_20260420_084041_068,CB_Hurdle,all,time,546336,136584,2025-09-10 00:00:00 -> 2025-10-14 19:00:00,2025-10-14 19:00:00 -> 2025-10-23 11:00:00,89,66,-5.477968942342882,-5.455389825816794,0.9886078297671684,1.0967033915346507,0.301848776756859,1.1669365773046176,0.3281419788018477,1.27085707840184,Poisson,Poisson,0.05,10,3.0,30,3000
auto_cb_20260420_084139_069,CB_Hurdle,all,time,546336,136584,2025-09-10 00:00:00 -> 2025-10-14 19:00:00,2025-10-14 19:00:00 -> 2025-10-23 11:00:00,76,69,-5.474288435306251,-5.459021913371123,0.9915891172760242,1.095310975944317,0.30185118181624493,1.1742972788545236,0.3287206372914539,1.263595370519323,Poisson,Poisson,0.05,10,4.0,15,3000
auto_cb_20260420_084231_070,CB_Hurdle,all,time,546336,136584,2025-09-10 00:00:00 -> 2025-10-14 19:00:00,2025-10-14 19:00:00 -> 2025-10-23 11:00:00,89,69,-5.4788448822237745,-5.459017265455867,0.9852928527216841,1.0953141871009122,0.3012421925950927,1.1651854662906402,0.3287206372914539,1.263602191530407,Poisson,Poisson,0.05,10,4.0,30,3000
auto_cb_20260420_084336_071,CB_Hurdle,all,time,546336,136584,2025-09-10 00:00:00 -> 2025-10-14 19:00:00,2025-10-14 19:00:00 -> 2025-10-23 11:00:00,78,69,-5.473391701600293,-5.467031304225678,0.9935931859250404,1.088514606635799,0.30215822446684754,1.1760910946668168,0.3285741167462785,1.2475732139764149,Poisson,Poisson,0.05,10,5.0,15,3000
auto_cb_20260420_084426_072,CB_Hurdle,all,time,546336,136584,2025-09-10 00:00:00 -> 2025-10-14 19:00:00,2025-10-14 19:00:00 -> 2025-10-23 11:00:00,89,69,-5.476206145822936,-5.467340132372627,0.9902372121785513,1.088446846316111,0.30196534991382523,1.1704619665725213,0.3285741170845833,1.2469556179675636,Poisson,Poisson,0.05,10,5.0,30,3000
